title,company,link,location
Python/PostgreSQL　プログラマー,identity Inc.,港区 六本木駅,https://jp.indeed.com/viewjob?jk=b6fdfed514be6ab8
Python エンジニア,identity Inc.,茨木市 阪大病院前駅その他の勤務地(1),https://jp.indeed.com/viewjob?jk=88e8a9004760f7f9
データアナリスト,合同会社DMM.com,港区 六本木,https://jp.indeed.com/viewjob?jk=fa61d3e69c200854
クラウドエンジニア,株式会社 ダッド,岡崎市,https://jp.indeed.com/viewjob?jk=08ca1d65fd7ebdc4
Pythonプログラマー　業務システム開発,株式会社コネクティル,千代田区•リモート勤務,https://jp.indeed.com/viewjob?jk=e31889f54d14ece9
【Flutter/Python】物流倉庫向け画像解析/経験者のみ,レバテックフリーランス,東京都,https://jp.indeed.com/viewjob?jk=fc98dbfb51843cef
データエンジニア　データサイエンティスト,identity Inc.,品川区 五反田駅,https://jp.indeed.com/viewjob?jk=90180839c71aed84
【Python】セキュリティインシデントの調査・分析,株式会社bluena,渋谷区,https://jp.indeed.com/viewjob?jk=90cbdc2863972fc5
キャリアアップ・スキルアップ可!Python/開発エンジニア,株式会社ReactWall,さいたま市,https://jp.indeed.com/viewjob?jk=465461d258011aed
Python　サーバーサイドエンジニア,identity Inc.,港区 竹芝駅その他の勤務地(6),https://jp.indeed.com/viewjob?jk=cfc496086c7431d8
【Python】AIプロダクトの新規開発,株式会社bluena,渋谷区,https://jp.indeed.com/viewjob?jk=41395f8e995f4501
プログラマー アルバイト,株式会社エムケイシステム,名古屋市 丸の内駅•リモート勤務,https://jp.indeed.com/viewjob?jk=54b4001359a423d9
バイト　新サービスの開発に携わるバックエンドエンジニア!(教育系アプリ),株式会社メイツ,新宿区 高田馬場駅,https://jp.indeed.com/viewjob?jk=a7f888a36aea603e
Python　インフラエンジニア,identity Inc.,豊島区 池袋駅,https://jp.indeed.com/viewjob?jk=87d9bf4291b69bb1
IT開発会社のPythonプログラマー,株式会社アスタ,文京区 本郷,https://jp.indeed.com/viewjob?jk=bbe46ad6828d0ff8
データサイエンティスト(山梨),東京エレクトロン テクノロジーソリューションズ,韮崎市,https://jp.indeed.com/viewjob?jk=76f998b37249bb90
Python/ビックデータ分析および開発支援,フォアフロント株式会社,京都市 京都駅その他の勤務地(1),https://jp.indeed.com/viewjob?jk=23e814909122bdf4
データサイエンティスト,Tangerine株式会社,港区 南麻布,https://jp.indeed.com/viewjob?jk=4cab47829de6e1e0
フリーランス/Python/Lambda/医療系連携システムのサーバーレス化,テクフリ,渋谷区,https://jp.indeed.com/viewjob?jk=819db310c1e65032
AI技術者/データアナリスト,富士フイルムソフトウエア株式会社,横浜市 新横浜,https://jp.indeed.com/viewjob?jk=5b33d63fbcb4db57
機械学習エンジニア,identity Inc.,港区 汐留駅,https://jp.indeed.com/viewjob?jk=536247b6de231c68
【Python】薬局向けダッシュボード画面開発/SE(システムエンジニア)/経験者のみ,レバテックフリーランス,中央区 銀座,https://jp.indeed.com/viewjob?jk=fe33c6665892d8af
サーバーサイドエンジニア(Python)/東京,株式会社ラクス,渋谷区 千駄ケ谷駅,https://jp.indeed.com/viewjob?jk=8ee8dc261a976829
BigQuery　データサイエンティスト,identity Inc.,渋谷区 渋谷駅,https://jp.indeed.com/viewjob?jk=60f7d56951d5d66e
[フルリモート]データアナリスト(アプリゲーム分析),株式会社リーン・ニシカタ,東京都 23区•リモート勤務,https://jp.indeed.com/viewjob?jk=133253710b2dc11a
AWS/GCP　インフラエンジニア,identity Inc.,品川区 五反田駅,https://jp.indeed.com/viewjob?jk=62f330f9e49f7478
講師　データサイエンティスト,identity Inc.,港区 乃木坂駅,https://jp.indeed.com/viewjob?jk=d036963d4edf38bb
コネクティビティの研究開発,株式会社日立製作所,国分寺市 東恋ヶ窪,https://jp.indeed.com/viewjob?jk=352fbe884bf4a565
Python/C++,identity Inc.,豊島区 池袋駅,https://jp.indeed.com/viewjob?jk=0618de51be08b769
データ分析　データサイエンティスト,identity Inc.,渋谷区 渋谷駅,https://jp.indeed.com/viewjob?jk=08e72536a297f747
【Python】監視カメラシステムの開発【フリーランスエンジニア】,フリエン,新宿区,https://jp.indeed.com/viewjob?jk=04c89bc184479703
【Python/Ruby】AIを用いた自社サービスアプリの開発,株式会社bluena,新宿区,https://jp.indeed.com/viewjob?jk=1f18106683ceca16
Python/開発エンジニア　開発運用支援,株式会社ReactWall,茅ヶ崎市,https://jp.indeed.com/viewjob?jk=d89c39a8723b45ac
キッティング/ソフトのインストール・データ移行など,フォアフロント株式会社,名古屋市 名古屋駅その他の勤務地(3),https://jp.indeed.com/viewjob?jk=d25431db6ea4dbe9
データアナリスト 3696,Next Career 神奈川県支部,横浜市 新横浜,https://jp.indeed.com/viewjob?jk=9cbf558479586497
【Python】携帯会社向け情報システム自動化/SE(システムエンジニア)/経験者のみ/週3以上OK,レバテックフリーランス,千代田区 飯田橋,https://jp.indeed.com/viewjob?jk=00ee415cd9b284e0
【Python】テレビデータ分析/SE(システムエンジニア)/経験者のみ,レバテックフリーランス,千代田区 大手町,https://jp.indeed.com/viewjob?jk=0a7d5f44aee75fc7
【Python】AIヘルスケアアプリの開発エンジニア,非公開,渋谷区,https://jp.indeed.com/viewjob?jk=a84b4bfbfcb5504a
Pythonプログラマ,株式会社ヘルツテック,新宿区,https://jp.indeed.com/viewjob?jk=e0a21c5809d1f9ac
QAエンジニア,identity Inc.,豊島区 池袋,https://jp.indeed.com/viewjob?jk=ad35264f07132320
大手ゲーム会社・有名タイトルの担当ゲームPG,ルーセント・グローバル株式会社,目黒区,https://jp.indeed.com/viewjob?jk=869d60eca3bdcf61
バックエンドエンジニア,NEXTイノベーション,名古屋市 丸の内,https://jp.indeed.com/viewjob?jk=3369523cdeeda166
【Lambda(Python)開発2年以上】宿泊予約アプリ開発(基本リモート/恵比寿/40~60万),株式会社 Legame,渋谷区 恵比寿駅,https://jp.indeed.com/viewjob?jk=b61442ad6d6a09de
医薬品研究のデータサイエンティスト / Data Scientist in Pharmaceutical Researc...,中外製薬グループ,鎌倉市 梶原,https://jp.indeed.com/viewjob?jk=fa85037572e7b403
データサイエンティスト,社会福祉法人 善光会,港区 南青山,https://jp.indeed.com/viewjob?jk=1ee30691833a604c
令和3年度新卒 ソフトウェアエンジニア,株式会社マップクエスト,豊橋市,https://jp.indeed.com/viewjob?jk=a5a4c23d76dad882
【Python】品質管理システム(画像AIツール)の開発,株式会社bluena,品川区,https://jp.indeed.com/viewjob?jk=dbecbf7468606dc3
Python エンジニア,カテル有限会社,宇都宮市,https://jp.indeed.com/viewjob?jk=01f436c7589ead55
2. データサイエンティスト,株式会社ニューロープ,渋谷区 桜丘町,https://jp.indeed.com/viewjob?jk=7bfa71ef4210b566
【Python】画像認識システムのアジャイル開発,株式会社bluena,渋谷区,https://jp.indeed.com/viewjob?jk=24809af67881cd70
Pythonを使用した社内用業務効率化ツールなどを開発するためのプログラマー,特許業務法人　谷・阿部特許事務所,港区 赤坂,https://jp.indeed.com/viewjob?jk=2c8f7bdcb30676ec
【Lambda/Python経験者】宿泊予約アプリ開発(基本リモート/恵比寿/月60万円),株式会社 Legame,渋谷区 恵比寿駅,https://jp.indeed.com/viewjob?jk=044eb2811dfbac43
機械学習　データサイエンティスト,identity Inc.,文京区,https://jp.indeed.com/viewjob?jk=f3593b030f36d5e7
フリーランス/【python】IoT機器データ管理システム開発│~60万│田町,INTLOOP株式会社,港区 田町駅,https://jp.indeed.com/viewjob?jk=37f2a9458c3dd934
深層学習エンジニア/研究,株式会社Cygames,渋谷区 南平台町,https://jp.indeed.com/viewjob?jk=ccab8d9fab86ca36
医療データ分析者(データサイエンティスト/アナリスト),サスメド株式会社,中央区 日本橋本町,https://jp.indeed.com/viewjob?jk=4c3e5df75219b58d
【Python】監視カメラシステムの開発【フリーランスエンジニア】,フリエン,新宿区,https://jp.indeed.com/viewjob?jk=04c89bc184479703
Data Analyst,"rinna Co., Ltd.",渋谷区,https://jp.indeed.com/viewjob?jk=87ce428b1c9b134b
フロントエンドエンジニア,株式会社m・Products,多摩市その他の勤務地(8),https://jp.indeed.com/viewjob?jk=9e74050ccc437686
Tableauエンジニア,LibertyDataDesign株式会社,中央区 銀座,https://jp.indeed.com/viewjob?jk=cdd809a58ff5b127
Python・AWS・Angular/業務系システム開発/SE&プログラマ,フォアフロント株式会社,静岡市 静岡駅その他の勤務地(8),https://jp.indeed.com/viewjob?jk=a8f54c079f6c62e4
Pythonエンジニア,フォアフロント株式会社,大阪市 大阪駅,https://jp.indeed.com/viewjob?jk=ebcd42e3fc69c3d4
データサイエンティスト,株式会社村田製作所,長岡京市,https://jp.indeed.com/viewjob?jk=b80a5302efe6b700
データサイエンティスト【PeopleAnalytics】,株式会社Senyou,東京都 23区,https://jp.indeed.com/viewjob?jk=cd3b53115749f5f5
業務委託/【Python】ビックデータを用いたデータ分析 の求人・案件,ポート株式会社,港区 六本木駅,https://jp.indeed.com/viewjob?jk=b30325715393cbe1
業務委託/【急募/エンド直/フルリモート可/週3~可】Python(Django)エンジニア募集,アイムファクトリー株式会社,新宿区,https://jp.indeed.com/viewjob?jk=c8947c08a73cc198
開発・運用業務,株式会社アーザス,東京都 23区,https://jp.indeed.com/viewjob?jk=ba2ee7da9b3978d8
【PL経験者】システム設計/Python開発(基本リモート/ひばりヶ丘/65万円),株式会社 Legame,西東京市 ひばりヶ丘駅,https://jp.indeed.com/viewjob?jk=a23be99ebedf64c4
Pythonエンジニア|自社開発100%,株式会社キャリアインデックス,港区 白金台駅,https://jp.indeed.com/viewjob?jk=54fd556ace4db93c
AIエンジニア,株式会社 プロトソリューション,新宿区 新宿駅その他の勤務地(2),https://jp.indeed.com/viewjob?jk=e8bba8ad96a009f7
リモート監視、運用サービスの企画・実施要員,富士通株式会社,館林市,https://jp.indeed.com/viewjob?jk=85304e8e97e30aa9
【新規大型オンラインタイトル】クライアントプログラマ,株式会社セガ,品川区 大崎駅,https://jp.indeed.com/viewjob?jk=ba159d78066408cc
Pythonエンジニア,セレンディップ・テクノロジーズ株式会社,船橋市 前原駅その他の勤務地(113),https://jp.indeed.com/viewjob?jk=50f3b450cc5fe8d1
ソフトウェアエンジニア,株式会社アットウェア,横浜市 みなとみらい,https://jp.indeed.com/viewjob?jk=6bd423e9ddda20b1
PHP/Python/Go　プログラマー,identity Inc.,新宿区 新宿御苑前駅,https://jp.indeed.com/viewjob?jk=962911b470437e7b
データアナリスト,株式会社RED FRASCO,目黒区 中目黒,https://jp.indeed.com/viewjob?jk=dac8eafd929961cc
SE/プログラマー(Java、Python、C、C#),株式会社ケージェーシーソフトウェア,富津市,https://jp.indeed.com/viewjob?jk=5fed12f9aeb6d46e
やりたい開発ができる!Python/システムエンジニア/プログラマ,株式会社リアクトウォール,足立区,https://jp.indeed.com/viewjob?jk=a5bfa4b56609d8cf
データサイエンティスト,ソニーグローバルマニュファクチャリング&オペレーションズ株式会社,品川区 品川シーサイド駅,https://jp.indeed.com/viewjob?jk=1ced7423d18340ef
【将来性抜群】最先端のIoTエンジニア/Webアプリケーションエンジニア(未経験応援),株式会社ビックボイス,札幌市 中央区,https://jp.indeed.com/viewjob?jk=e610fee6efd04fb1
データサイエンティスト(量子・AI),株式会社KandaQuantum,新宿区 四ツ谷駅,https://jp.indeed.com/viewjob?jk=da466153b8c5601b
Machine Learning Engineer,Incubit Inc,東京都 23区,https://jp.indeed.com/viewjob?jk=85b98ad599f42e33
Pythonエンジニア,フィデル・コンサルティング株式会社,千代田区その他の勤務地(1),https://jp.indeed.com/viewjob?jk=78e56e743c35db70
《ポテンシャル採用》データアナリスト,株式会社ロイヤリティマーケティング,渋谷区 恵比寿,https://jp.indeed.com/viewjob?jk=05f66f2134ea0959
機械学習エンジニア,キヤノンITソリューションズ株式会社,港区 三田,https://jp.indeed.com/viewjob?jk=d4ad17b9e817e7c2
医療向けAI・画像処理ソフトウェア開発エンジニア 3538,Next Career 神奈川県支部,横浜市 新横浜,https://jp.indeed.com/viewjob?jk=a2c39a89a7d07109
データマイニング/横断部門,株式会社Cygames,渋谷区 南平台町,https://jp.indeed.com/viewjob?jk=22aba40abf2a3a75
Go　サーバーサイドエンジニア,identity Inc.,東京都 23区,https://jp.indeed.com/viewjob?jk=2cbf7cc217cfa301
【Python】SaaS型AIソリューションサービス【フリーランスエンジニア】,フリエン,港区,https://jp.indeed.com/viewjob?jk=a0017d59f9c2d6a8
AI(画像処理)エンジニア,コネクテッドロボティクス株式会社,小金井市 東小金井駅,https://jp.indeed.com/viewjob?jk=77ca807117f85c6c
プログラマー,株式会社エクスチェンジ,港区 三田,https://jp.indeed.com/viewjob?jk=6bb9af37572b23fd
プログラマー 一般,アイム株式会社,松江市 北陵町,https://jp.indeed.com/viewjob?jk=d549bdc6675a1d77
多種多様なデータの処理技術に関する研究開発,株式会社日立製作所,国分寺市 東恋ヶ窪,https://jp.indeed.com/viewjob?jk=9f616cc550a1a762
PHP・TypeScript/新規ゲームアプリ開発,フォアフロント株式会社,静岡市 静岡駅その他の勤務地(8),https://jp.indeed.com/viewjob?jk=a6e47e10464e973a
Data Scientist,"Ark Co., Ltd",東京都 23区,https://jp.indeed.com/viewjob?jk=85405b1c5c22e818
AIエンジニア,株式会社アエリア,港区 赤坂,https://jp.indeed.com/viewjob?jk=fcc4af79df8bcfd6
Java・AWS/WEB 　API開発支援,フォアフロント株式会社,静岡市 静岡駅その他の勤務地(8),https://jp.indeed.com/viewjob?jk=6d517f6805eed230
ML Engineer,tripla株式会社,中央区 新川,https://jp.indeed.com/viewjob?jk=a36a55cfb8e3d93b
【Python】オークションサービス開発/SE(システムエンジニア)/経験者のみ,レバテックフリーランス,港区 青山一丁目駅,https://jp.indeed.com/viewjob?jk=f8329126eb37f5bf
地図データ配信エンジニア,北海道 株式会社MIERUNE,札幌市 バスセンター前駅,https://jp.indeed.com/viewjob?jk=decbadd9f19fc917
未経験から平均6ヶ月で憧れのITエンジニアへ!,日本開発株式会社,渋谷区 渋谷駅,https://jp.indeed.com/viewjob?jk=ee45245da78387af
DWHエンジニア,合同会社DMM.com,港区 六本木,https://jp.indeed.com/viewjob?jk=c6af648b1c936bb8
ITエンジニア/未経験/2ヶ月間研修から,株式会社Tbook,千代田区 東京駅,https://jp.indeed.com/viewjob?jk=0177079d0c731851
機能開発プログラマ,株式会社イークリエイト,名古屋市 千種駅,https://jp.indeed.com/viewjob?jk=c231c6004b6be768
C#/医療関連アプリの開発支援業務,フォアフロント株式会社,京都市 京都駅,https://jp.indeed.com/viewjob?jk=e63395b78f531634
<・>IoT Webアプリケーション開発,株式会社村田製作所,横浜市 みなとみらい,https://jp.indeed.com/viewjob?jk=3930cb0d554cfa1f
Webエンジニア,スパイスファクトリー株式会社 スパイスファクトリー京都支社,京都市 東塩小路町,https://jp.indeed.com/viewjob?jk=8e2a7a8e31a6aff5
【Java】スマートシティネイティブアプリ開発/SE(システムエンジニア)/経験者のみ,レバテックフリーランス,名古屋市 上前津,https://jp.indeed.com/viewjob?jk=46b5ddfb97c52ed4
Front-end Engineer,エヌ次元株式会社,渋谷区 渋谷駅,https://jp.indeed.com/viewjob?jk=c3aa77501d5538a7
インフラエンジニア,合同会社DMM.com,港区 六本木,https://jp.indeed.com/viewjob?jk=6ca1696cf229543f
独立系IT企業でのITエンジニア(WEB系・スマホアプリ系),株式会社まえびー,長泉町,https://jp.indeed.com/viewjob?jk=760f65dd79b29233
ネットワークエンジニア,株式会社ゴールドワーク,安城市,https://jp.indeed.com/viewjob?jk=5cd4df05c7ea0388
ITサービス　プログラマー,identity Inc.,港区 田町駅,https://jp.indeed.com/viewjob?jk=d8de2a6882dcf94d
ソフトウェアエンジニア,株式会社NTTデータ オートモビリジェンス研究所,横浜市 新横浜,https://jp.indeed.com/viewjob?jk=cb462883329aa31a
やりたい開発ができる!PHP/開発エンジニア/プログラマ,株式会社ReactWall,新座市,https://jp.indeed.com/viewjob?jk=58436ab0f62fae78
【2023年入社】データサイエンティスト職,GMOペパボ株式会社,渋谷区 渋谷駅,https://jp.indeed.com/viewjob?jk=918ef5e24415a216
プログラマー,有限会社インプロブ,前橋市,https://jp.indeed.com/viewjob?jk=12d9a29d09e0fa2e
プログラマー,株式会社NIXE,仙台市 一番町,https://jp.indeed.com/viewjob?jk=f84091abd7964511
ERPプラットフォーム開発企業/自社パッケージソフト開発SE(静岡),JOB 転職 エージェント,静岡市 葵区,https://jp.indeed.com/viewjob?jk=0675128acb5f6d45
プログラマー,豊臣ソフト開発株式会社,名古屋市 堀田(名古屋市営地下鉄)駅,https://jp.indeed.com/viewjob?jk=fae9278482e41f55
システム開発,株式会社生和,名古屋市 中村区その他の勤務地(2),https://jp.indeed.com/viewjob?jk=31d7e269551d8022
データベースエンジニア【東京23区内勤務】,エクトミシステム株式会社,渋谷区,https://jp.indeed.com/viewjob?jk=8ec15a620766585b
プログラマ,株式会社システム・クリエート,豊島区 池袋駅,https://jp.indeed.com/viewjob?jk=8f5605a8e64a6447
データサイエンティスト,株式会社Lupinus,港区 六本木,https://jp.indeed.com/viewjob?jk=d79e03fe1a1bd276
【C】【Python/C++】AI開発に関わる画像認識モデルの基礎技術開発【ビジネスカジュアル】,非公開,豊島区 池袋駅,https://jp.indeed.com/viewjob?jk=94f331b2de9bd309
プログラマー,ドリームワン株式会社,三鷹市 下連雀,https://jp.indeed.com/viewjob?jk=64a7fe5a9d5c3458
ECサイトのインフラ構築支援,フォアフロント株式会社,京都市 京都駅,https://jp.indeed.com/viewjob?jk=7405c2b7073d0cab
インフラエンジニア,identity Inc.,港区 六本木駅,https://jp.indeed.com/viewjob?jk=e1279a695501fe96
Presales Senior Specialist,SAP,千代田区,https://jp.indeed.com/viewjob?jk=e698ac9b98eda630
データサイエンティスト,株式会社 リーディング・エッジ社,府中市 府中駅その他の勤務地(25),https://jp.indeed.com/viewjob?jk=4657f90f9cf9d188
システムエンジニア,株式会社wildidea,新宿区 新宿,https://jp.indeed.com/viewjob?jk=45a4f582573ea8c5
バックエンドエンジニア(Python),株式会社KiZUKAI,中野区 新中野駅,https://jp.indeed.com/viewjob?jk=218201fd039c1b13
2023年新卒 ソフトウェアエンジニア,株式会社アットウェア,横浜市 みなとみらい,https://jp.indeed.com/viewjob?jk=957c75617bef9ce4
小売店舗販売データ分析システムの開発(python),株式会社スキルコネクト,札幌市 ひばりが丘駅,https://jp.indeed.com/viewjob?jk=ab300327551be786
テスター 電子書籍開発Webビューワー検証業務,株式会社PEーBANK,仙台市 一番町,https://jp.indeed.com/viewjob?jk=57b066c317fd88d1
プログラマー　 名古屋勤務,株式会社オープンセサミ・テクノロジー,名古屋市 平池町,https://jp.indeed.com/viewjob?jk=50b44d12ce4c6dc2
データサイエンティスト,TVISIONINSIGHTS株式会社,千代田区 大手町,https://jp.indeed.com/viewjob?jk=c27907c1179c6e58
AI・機械学習エンジニア / テレワーク可・オンライン面接(1回),Nearline Networks株式会社,東京都 23区•リモート勤務,https://jp.indeed.com/viewjob?jk=1b1f153d1d975cdd
Python 某ゲームタイトルの実装,株式会社アイスタンダード,渋谷区 恵比寿駅,https://jp.indeed.com/viewjob?jk=0fafe897c1f43c1f
やりたい開発ができる!Python/システムエンジニア/プログラマ,株式会社ReactWall,新座市,https://jp.indeed.com/viewjob?jk=8bb267fe7299bd38
【Python】新規プロダクト開発/SE(システムエンジニア)/経験者のみ,レバテックフリーランス,港区 神谷町駅,https://jp.indeed.com/viewjob?jk=42f008ecf4ddcbc0
【SQL経験者】新規事業推進(豊洲/月80万円),株式会社 Legame,江東区 豊洲,https://jp.indeed.com/viewjob?jk=3bb8be4b91887e15
プログラマ,株式会社ゴールドワーク,安城市,https://jp.indeed.com/viewjob?jk=873992428eb704e9
3-2-4.【契約社員】【本社勤務】新サービス企画・開発エンジニア_業務効率化を実現,株式会社ハイマックス,横浜市 みなとみらい駅,https://jp.indeed.com/viewjob?jk=2f16ef2eecf504af
Node.js/Python　サーバーサイドエンジニア,identity Inc.,渋谷区 渋谷駅,https://jp.indeed.com/viewjob?jk=601b32800cf46427
Perl・大規模サイト向けCMS導入支援エンジニア,フォアフロント株式会社,大阪市 大阪駅,https://jp.indeed.com/viewjob?jk=197086db90c467be
【神奈川県横浜市】Webアプリケーション 運用エンジニア,株式会社プライムメイト,横須賀市その他の勤務地(3)•リモート勤務,https://jp.indeed.com/viewjob?jk=edfa12e687356227
【Python】広告系サービスプロダクトの開発/運用,株式会社bluena,新宿区,https://jp.indeed.com/viewjob?jk=7cdc906aa7eac24c
データエンジニア,株式会社RED FRASCO,目黒区 中目黒,https://jp.indeed.com/viewjob?jk=515c4254a2a30e3e
【PHP/Java/Ruby/Python】EコマースプラットフォームのWebエンジニア,非公開,渋谷区,https://jp.indeed.com/viewjob?jk=33b1de444a59bb4e
プログラマー,株式会社ゴールドワーク,安城市 福釜町,https://jp.indeed.com/viewjob?jk=e159a9bde35d0166
AWS　インフラエンジニア,identity Inc.,港区 西麻布,https://jp.indeed.com/viewjob?jk=ef1e58dea261dd89
WEBエンジニア,ホットエアバルーン株式会社,品川区 北品川,https://jp.indeed.com/viewjob?jk=b10975d7beeb1ca9
<・>ソフトウェア研究開発 3D触力覚技術,株式会社村田製作所,横浜市 みなとみらい,https://jp.indeed.com/viewjob?jk=a86bad9112a13ca0
ゲームプログラマー,株式会社クロスゲームズ,渋谷区 本町,https://jp.indeed.com/viewjob?jk=f5a7d48fdbe2c584
データサイエンティスト/データアナリスト(データ分析),コグラフ株式会社,品川区 五反田駅,https://jp.indeed.com/viewjob?jk=30b28f16364eb955
クロール・WEBスクレイピング エンジニア,株式会社ランドスケイプ,新宿区 西新宿,https://jp.indeed.com/viewjob?jk=c7bae29bdee43349
【副業/フルリモート/シフト制】技術サポートエンジニア,株式会社アイデミー,千代田区 神田小川町,https://jp.indeed.com/viewjob?jk=3656b313d271e6d7
Cloud DevOps Engineer_JA,KPMG Ignition Tokyo,千代田区 大手町駅,https://jp.indeed.com/viewjob?jk=33407025c11f6c96
PHP･Python/大規模広告配信システム(SSP/RTB)の開発,株式会社flyhawk,渋谷区 渋谷駅,https://jp.indeed.com/viewjob?jk=5d27837bd3510846
ネットワークエンジニア,株式会社ジェネスティコンサルティング,千代田区 飯田橋,https://jp.indeed.com/viewjob?jk=b398b81b3277fbb1
【Ruby/Python/SQL】プライベートDMP開発,株式会社flyhawk,渋谷区 恵比寿駅,https://jp.indeed.com/viewjob?jk=a38be3242a23ae18
Webエンジニア,ポゴテック(株),名古屋市 藤が丘,https://jp.indeed.com/viewjob?jk=0e17a1ff8b84baf7
BIM/CIM 3DCADエンジニア,住宅ソリューションズ株式会社,武蔵野市 吉祥寺本町,https://jp.indeed.com/viewjob?jk=c535b21a2c08a510
社内システムエンジニア,株式会社日吉,近江八幡市 北之庄町,https://jp.indeed.com/viewjob?jk=b8dd6d0088dc47a2
サーバーサイドエンジニア,LINE株式会社,京都市 京都駅,https://jp.indeed.com/viewjob?jk=75e683d0c3e9f75f
編成部　データアナリスト,HJホールディングス株式会社,港区 汐留駅,https://jp.indeed.com/viewjob?jk=edd6f8301cae263f
【ゲーム開発(大阪)】モーションキャプチャースタジオスタッフ,株式会社カプコン,大阪市 中央区,https://jp.indeed.com/viewjob?jk=2d51cc70b6d07fbb
データサイエンティスト職,ダイナミックプラス株式会社,千代田区 隼町その他の勤務地(1),https://jp.indeed.com/viewjob?jk=675e87f90d2f9879
Python/クラウドプレイアウトサービスの開発案件・求人,株式会社flyhawk,渋谷区 渋谷駅,https://jp.indeed.com/viewjob?jk=bc614743c0c68dea
AIエンジニア/経験者前職給与保証/転職者全員が前職より給与アップ,セレンディップ・テクノロジーズ株式会社,大阪市 梅田駅その他の勤務地(43),https://jp.indeed.com/viewjob?jk=7504f0c44a529260
組込ソフトウェア開発,アズビル株式会社,藤沢市 川名,https://jp.indeed.com/viewjob?jk=480ea32f64ef9df5
データサイエンティスト,GMOインターネット株式会社,渋谷区 桜丘町,https://jp.indeed.com/viewjob?jk=306fe26d153adfd8
【インターンシップ】 エンジニア/プログラマー,株式会社トライステージ,港区 浜松町駅,https://jp.indeed.com/viewjob?jk=4ae4616a2c35fdaf
IT開発会社のKotlinプログラマー,株式会社アスタ,文京区 本郷,https://jp.indeed.com/viewjob?jk=c799f7199bd72ca7
Python/開発エンジニア　開発運用支援,株式会社リアクトウォール,品川区,https://jp.indeed.com/viewjob?jk=02804a11b6239fc4
IT開発会社のC#プログラマー,株式会社アスタ,文京区 本郷,https://jp.indeed.com/viewjob?jk=cf14c4e7126d8960
データサイエンティスト / 経験者のみ / その他,オープンワーク株式会社,渋谷区 渋谷駅,https://jp.indeed.com/viewjob?jk=ad906d68a85a47a2
"Deep learning, AI Engineer",株式会社ZMP,文京区,https://jp.indeed.com/viewjob?jk=05cb03efa94d73d0
エンジニア,株式会社 root ip,港区 西新橋,https://jp.indeed.com/viewjob?jk=5b88b57dac69c4be
"Data Analyst, Large Customers, Tokyo",Criteo,渋谷区,https://jp.indeed.com/viewjob?jk=2fae3468fb357e85
データサイエンティスト,パーソルキャリア株式会社,千代田区 東京駅,https://jp.indeed.com/viewjob?jk=8995bcedda8fa3d7
【ゲーム開発】モーションキャプチャースタジオスタッフ,株式会社カプコン,大阪市 中央区,https://jp.indeed.com/viewjob?jk=950c46508e650ca2
Python/最適化ロジック開発支援,フォアフロント株式会社,大阪市 大阪駅,https://jp.indeed.com/viewjob?jk=6a8bda73d5480b4c
デザイナー,合同会社DMM.com,港区 六本木,https://jp.indeed.com/viewjob?jk=d39d7e17e0c1f00c
サーバーサイド開発・Lambda(node.js または python)+DynamoDBの開発,株式会社スキルコネクト,品川区,https://jp.indeed.com/viewjob?jk=bee4b4bc2fb10e77
Data Analyst(productチーム配属),17LIVE株式会社,港区 北青山,https://jp.indeed.com/viewjob?jk=1a7dc4f100b8d56e
IoT関連製品、無線通信機器、ネットワーク製品およびセンサ関連製品の設計・開発,アイリスオーヤマ株式会社,大田区 蒲田,https://jp.indeed.com/viewjob?jk=0b0c0bce37c69d20
フリーランス/Python/機械学習基盤開発,テクフリ,渋谷区,https://jp.indeed.com/viewjob?jk=09fbc6a0797ce9f4
ネットワーク系技術者,株式会社ZEST,横須賀市 久里浜,https://jp.indeed.com/viewjob?jk=128b0676817ed082
AccessVBA VBA開発,株式会社PEーBANK,大阪市,https://jp.indeed.com/viewjob?jk=fe0e8853f66fed0b
054.機械学習エンジニア・データサイエンティスト,Nature株式会社,渋谷区 宇田川町,https://jp.indeed.com/viewjob?jk=2e1a16e9f0a8c893
先端技術を扱える!Python/ITエンジニア,株式会社ReactWall,市川市,https://jp.indeed.com/viewjob?jk=6de3cf6d7332e749
若手エンジニア,シアトルコンサルティング株式会社,港区 南青山,https://jp.indeed.com/viewjob?jk=0b8268b000c83ab6
【Python/一部リモート相談可能案件】少数精鋭チームで活躍してくださる方募集!,株式会社Hajimari,港区 外苑前駅,https://jp.indeed.com/viewjob?jk=539ebe478ee4cdb0
プログラマ,株式会社SEO,中央区 築地,https://jp.indeed.com/viewjob?jk=f938d5378778d0ad
データマネジメントの標準化とデリバリー,富士通株式会社,川崎市,https://jp.indeed.com/viewjob?jk=2dcc0ca08ecb765d
データアナリスト,株式会社メルカリ,港区 六本木,https://jp.indeed.com/viewjob?jk=982483bcefa32830
データ抽出　サーバーサイドエンジニア,identity Inc.,千代田区 麹町駅,https://jp.indeed.com/viewjob?jk=b30886b4018122e5
システム開発,株式会社イーツ,新宿区 東新宿駅,https://jp.indeed.com/viewjob?jk=2c58770b95770d20
【Python】テーブルゲーム開発,フィット産業株式会社,我孫子市 天王台駅,https://jp.indeed.com/viewjob?jk=e1ae2e2e7e0b1fd6
データサイエンティスト,株式会社エイアイ・フィールド,千代田区,https://jp.indeed.com/viewjob?jk=7fb60e431d5d0160
機械学習エンジニア,シックスワン株式会社,杉並区,https://jp.indeed.com/viewjob?jk=7ba976dff9fd6a87
データビジネスにおけるデータサイエンティスト/データアナリスト(東芝データ出向),株式会社東芝,港区 芝浦,https://jp.indeed.com/viewjob?jk=68406535290feceb
フリーランス/Python/Lambda/医療系連携システムのサーバーレス化,テクフリ,渋谷区,https://jp.indeed.com/viewjob?jk=819db310c1e65032
Data Scientist (DX2)_JA,KPMG Ignition Tokyo,千代田区 大手町駅,https://jp.indeed.com/viewjob?jk=ab983a89e0e384ab
エンジニア,株式会社エンジョイ,台東区 上野,https://jp.indeed.com/viewjob?jk=f093d0d585c85fd7
Python,株式会社シーファイブ,台東区 上野駅,https://jp.indeed.com/viewjob?jk=a3d402bb7dd4a11c
機械学習エンジニア,株式会社スマートショッピング,品川区 西五反田,https://jp.indeed.com/viewjob?jk=dda561d823a1f461
AIチーム　機械学習エンジニア,エムスリー株式会社,港区 赤坂,https://jp.indeed.com/viewjob?jk=8d398ec19b66dbdb
AIコンサルティングエンジニア,株式会社VRAIN Solution,中央区 茅場町駅その他の勤務地(1),https://jp.indeed.com/viewjob?jk=dbf7a419a0652a6e
システムエンジニア(Web・オープン系),ハーベスト株式会社,大阪市 内本町,https://jp.indeed.com/viewjob?jk=43b5f8acb006728b
【Python】セキュリティ系サービスシステム開発,株式会社flyhawk,千代田区 飯田橋駅,https://jp.indeed.com/viewjob?jk=b2441bb224879065
システム開発,株式会社エキサイター,中央区 日本橋浜町,https://jp.indeed.com/viewjob?jk=04fd34cb03f69c70
AWS・PHP/toC向けマッチングサービス運用保守,フォアフロント株式会社,静岡市 静岡駅その他の勤務地(8),https://jp.indeed.com/viewjob?jk=4a755f276f7a954d
組込み系ソフトウェアエンジニア:第二新卒,中和石油グループ　ASIA HUMAN GATEWAY,京都市その他の勤務地(2),https://jp.indeed.com/viewjob?jk=821d38568970f561
機械学習エンジニア,Kii株式会社,港区 赤坂,https://jp.indeed.com/viewjob?jk=6e13aaddac7ac22c
Machine Learning Engineer (Japanese language skills are NOT...,"Ark Co., Ltd",東京都 23区,https://jp.indeed.com/viewjob?jk=8463029acd1e7529
PHP開発エンジニア,SKer株式会社,横浜市,https://jp.indeed.com/viewjob?jk=21a412e5438b9ea6
プログラマ,株式会社トリニティーキャリアマネジメント,千代田区,https://jp.indeed.com/viewjob?jk=d83a535090daa204
プログラマー,ジャパンインテグレーション株式会社,北谷町,https://jp.indeed.com/viewjob?jk=cc94763c3caea38a
Webエンジニア,インターグ株式会社,港区 赤坂,https://jp.indeed.com/viewjob?jk=6ffb8fc99acec699
システムエンジニア,株式会社roar,中央区 日本橋,https://jp.indeed.com/viewjob?jk=e262dfb04358ab7c
インフラエンジニア,株式会社Cygames,渋谷区 南平台町,https://jp.indeed.com/viewjob?jk=446c5ef63122faa2
FAロボットの自動化に向けたシステム開発,株式会社デンソー,日進市,https://jp.indeed.com/viewjob?jk=159fa3e6832e71f0
【システムエンジニア・プログラマーのお仕事】【未経験でも可】,有限会社ハーヴェスト,福井市,https://jp.indeed.com/viewjob?jk=b18e6c1457dd1c30
システムエンジニア,株式会社ライム,中央区 日本橋箱崎町,https://jp.indeed.com/viewjob?jk=25e5eaf1780ed27a
システム導入に伴うヘルプデスク,フォアフロント株式会社,大阪市 中之島駅その他の勤務地(1),https://jp.indeed.com/viewjob?jk=f858f674ca2a2c52
NEW テストエンジニア (SET),株式会社スマレジ,渋谷区 恵比寿駅,https://jp.indeed.com/viewjob?jk=8f7c2ac50bc32890
中途採用ソリューションアーキテクト,ピクシブ株式会社,渋谷区 千駄ケ谷駅,https://jp.indeed.com/viewjob?jk=742b63fa205a7f5f
やりたい開発ができる!PHP/開発エンジニア/プログラマ,株式会社リアクトウォール,板橋区,https://jp.indeed.com/viewjob?jk=eac0efd2f8cc2ae5
フロントエンジニア,株式会社Present Square,中野区,https://jp.indeed.com/viewjob?jk=f5b5ef2180d86bb1
データサイエンティスト,クリスタルワーク,渋谷区,https://jp.indeed.com/viewjob?jk=6fdfbaf89d8970b4
【インターンシップ】 教育・出版×IT企業でエンジニア長期,株式会社アルク,千代田区 市ケ谷駅,https://jp.indeed.com/viewjob?jk=ee5dfa280bdd100d
クラウドサービス開発のプログラマ,株式会社ゴールドワーク,安城市 福釜町,https://jp.indeed.com/viewjob?jk=f545f8c5523d86a6
Senior System Validation Engineer,Visteon Corporation,横浜市,https://jp.indeed.com/viewjob?jk=5a4800da54c16012
SE・ネットワークエンジニア,株式会社システムデルタリンクス,東京都 23区,https://jp.indeed.com/viewjob?jk=e49a595b1df8bd43
フリーランスエンジニア・Python設計,株式会社アスタ,千代田区,https://jp.indeed.com/viewjob?jk=d9dc727e42aa81c5
エンジニア/未経験,株式会社フラックス・エージェント,東京都 23区,https://jp.indeed.com/viewjob?jk=a6d8b98341ff15d4
Python/社内システムのデータ抽出加工案件・求人,株式会社flyhawk,新宿区 新宿駅,https://jp.indeed.com/viewjob?jk=3392dab962c70367
テストエンジニア,フォアフロント株式会社,大阪市 内本町その他の勤務地(1),https://jp.indeed.com/viewjob?jk=a7647df5ff36a946
【インターンシップ】 札幌 Python長期有給,ダイアモンドヘッド株式会社,札幌市 中央区,https://jp.indeed.com/viewjob?jk=9e92350b6f495069
モーションキャプチャーエンジニア,株式会社Cygames,渋谷区 南平台町,https://jp.indeed.com/viewjob?jk=7e925c1ba15d05c3
データビジネスにおけるデータエンジニア(東芝データ出向),株式会社東芝,港区 芝浦,https://jp.indeed.com/viewjob?jk=bfde5361afe884dc
エンジニア,Ultimatrust株式会社,千代田区,https://jp.indeed.com/viewjob?jk=e456d7f2829f8f24
データサイエンティスト,ビットバンク株式会社,品川区 西五反田,https://jp.indeed.com/viewjob?jk=dee122485e358812
システムエンジニア,ナレッジソフト株式会社,福岡市 博多駅前,https://jp.indeed.com/viewjob?jk=8daf6682b6f14f68
Javaエンジニア,株式会社BTM,伊那市その他の勤務地(9),https://jp.indeed.com/viewjob?jk=a461c9e6a5a741bc
エンジニア,株式会社iRup,港区,https://jp.indeed.com/viewjob?jk=f9c72328ffa9c873
データサイエンティスト,株式会社エアークローゼット,港区 南青山,https://jp.indeed.com/viewjob?jk=1e7b1595aec9bf39
アプリ開発エンジニア,合同会社IJT,横浜市,https://jp.indeed.com/viewjob?jk=1da58b1945d199cf
webシステム開発,株式会社media it.,中央区 八丁堀,https://jp.indeed.com/viewjob?jk=fa58a5274154f716
【インターン採用】 エンジニア,リーウェイズ株式会社,渋谷区 渋谷駅,https://jp.indeed.com/viewjob?jk=45c95bf486580e7e
Python・AIを活用したデータ分析エンジニア,フォアフロント株式会社,大阪市 淀屋橋駅,https://jp.indeed.com/viewjob?jk=0ba2f15e9272a9db
【REMOTE】Platform Engineer,PayPay株式会社,港区,https://jp.indeed.com/viewjob?jk=efa811cbb4a42e9c
インフラエンジニア,日本アクセス株式会社,大阪市 梅田駅その他の勤務地(1),https://jp.indeed.com/viewjob?jk=3afbcc8452574882
Ruby開発エンジニア,SKer株式会社,横浜市,https://jp.indeed.com/viewjob?jk=f143c6ccf35dc756
クライアントエンジニア,identity Inc.,渋谷区 渋谷駅,https://jp.indeed.com/viewjob?jk=b0facefdfe53c8bb
SE(Web・スマホ系),株式会社スキルマーク,札幌市 北２４条駅,https://jp.indeed.com/viewjob?jk=df13ea04d37c66ba
ツールエンジニア/ゲームエンジン,株式会社Cygames,渋谷区 南平台町,https://jp.indeed.com/viewjob?jk=30519fc1738c40e3
開発エンジニア,株式会社ジェネスティコンサルティング,千代田区 飯田橋,https://jp.indeed.com/viewjob?jk=56a7332d8ffeefca
[Janssen] Sr. Data Scientist,Johnson & Johnson Family of Companies,千代田区,https://jp.indeed.com/viewjob?jk=d9782e9b418b4714
データサイエンティスト/アート・芸能関連業界,株式会社ボードウォーク,千代田区,https://jp.indeed.com/viewjob?jk=5f8c8dbb6591bca3
Web系・クラウドエンジニア / テレワーク可・オンライン面接(1回),Nearline Networks株式会社,東京都 23区•リモート勤務,https://jp.indeed.com/viewjob?jk=490dda17034ea6e7
Solution Architect,Relation1,港区,https://jp.indeed.com/viewjob?jk=5df7720340a6a98a
【Python】チャットボットサービス開発【フリーランスエンジニア】,フリエン,新宿区,https://jp.indeed.com/viewjob?jk=fe4bc316b690316e
未経験からのIoT、AI、VR等の最先端のテクノ ロジーエンジニア(未経験応援),株式会社ビックボイス,札幌市,https://jp.indeed.com/viewjob?jk=83e5c8301aacfb62
インフラエンジニア,Okcoin Japan,港区 虎ノ門,https://jp.indeed.com/viewjob?jk=0d574bab9f7fcd90
Python/Ruby/Perl/PHPエンジニア,株式会社ビットストロング,港区 浜松町駅その他の勤務地(1),https://jp.indeed.com/viewjob?jk=7c44c929fa1f9068
エンジニア,フランクアート株式会社,港区 三田,https://jp.indeed.com/viewjob?jk=1016e1f8c4c99c74
Software Engineer/Monitoring System/LINE Fukuoka,LINE株式会社,福岡市 博多区,https://jp.indeed.com/viewjob?jk=17df0a9b9eeda8ee
インフラエンジニア,株式会社セルシス,新宿区 西新宿,https://jp.indeed.com/viewjob?jk=332796a51b2a254f
【PHP】音楽業界向けECサイトの新規開発,ハーベスト株式会社,大阪市 内本町,https://jp.indeed.com/viewjob?jk=473330648c919ff9
IT開発エンジニア,株式会社ワイヤードパッケージ,東京都 23区,https://jp.indeed.com/viewjob?jk=90d29095b5700779
Webプログラマー,株式会社SUMICA,さいたま市 大宮駅その他の勤務地(1),https://jp.indeed.com/viewjob?jk=1cce4655fdb2a157
フリーランス/【札幌】Python│在庫最適化ロジックの開発│~56万円,INTLOOP株式会社,札幌市 札幌駅,https://jp.indeed.com/viewjob?jk=4377a19d2ddc47c0
【インターンシップ】 エンジニア/プログラマー,株式会社パーツワン,渋谷区 参宮橋駅,https://jp.indeed.com/viewjob?jk=d0d7209dc3493ee0
4. 研究員(正社員) 次世代シークエンスデータ解析担当 (データサイエンティスト),株式会社 ステムリム,吹田市 山田丘,https://jp.indeed.com/viewjob?jk=c4f212b1e5788567
【契約】ビルドエンジニア(QA)※フルリモートワーク可,株式会社ゲームフリーク,千代田区 神田錦町•リモート勤務,https://jp.indeed.com/viewjob?jk=27eda8211efb6e31
"Business Intelligence Engineer, PST",Amazon Japan G.K.,目黒区,https://jp.indeed.com/viewjob?jk=87df9c6157066611
ネットワークエンジニア/技術系(IT・Web・ゲーム・通信),株式会社進和(東証一部上場),静岡市その他の勤務地(2),https://jp.indeed.com/viewjob?jk=5d2e3bb652c58a42
兵庫 ITエンジニア,株式会社メディノス採用グループ,神戸市,https://jp.indeed.com/viewjob?jk=125ae487715db361
フリーランスエンジニア Python/Django,イチアール株式会社,大阪市 西九条駅その他の勤務地(2),https://jp.indeed.com/viewjob?jk=94b309b05bf8c852
【ゲーム開発】データエンジニア,株式会社カプコン,大阪市 中央区,https://jp.indeed.com/viewjob?jk=5515cc2733f5deb4
Python/バックエンドのAPI開発及び関連する社内システム改修,株式会社flyhawk,渋谷区 代々木駅,https://jp.indeed.com/viewjob?jk=9722b5347f79ab04
【Python】リモート可　Webポータルサイト再構築,株式会社flyhawk,中央区 八丁堀駅,https://jp.indeed.com/viewjob?jk=4c980189efe7c2df
コーダー(経験者),株式会社プライムメイト,横浜市•リモート勤務,https://jp.indeed.com/viewjob?jk=64dedc07e947f5bd
Webデザイナー,インターグ株式会社,港区 赤坂,https://jp.indeed.com/viewjob?jk=9081d4619ecf84be
ソフトウェアエンジニア (Blockchain Wallet),株式会社メルカリ,港区 六本木,https://jp.indeed.com/viewjob?jk=1e0e16c2beed6fb3
【未経験者採用】Python開発エンジニア,株式会社ヘルスベイシス,港区 新橋駅その他の勤務地(2),https://jp.indeed.com/viewjob?jk=977d621793e2be2b
IT開発会社のJAVAプログラマー,株式会社アスタ,文京区 本郷,https://jp.indeed.com/viewjob?jk=f5a60a3a93240f34
意欲あるエンジニア,S2ファクトリー,東京都,https://jp.indeed.com/viewjob?jk=9ee71c34df1217ad
フリーランス/【Python/Flutter】IoTサービス向けWebアプリ開発│~55万円│リモート可,INTLOOP株式会社,文京区 護国寺駅,https://jp.indeed.com/viewjob?jk=04ff0c483e03147f
シニアデータアナリスト,株式会社メルカリ,港区 六本木,https://jp.indeed.com/viewjob?jk=83f2bd3e8f0dc385
IT開発会社のフルスタックエンジニア,株式会社アスタ,文京区 本郷,https://jp.indeed.com/viewjob?jk=9b0c317db1b68c91
システムエンジニア,株式会社スーパーソフトウエア,渋谷区 恵比寿南,https://jp.indeed.com/viewjob?jk=dd415d33be0d8ba3
コーダー,株式会社SAI,渋谷区 神泉駅,https://jp.indeed.com/viewjob?jk=cb9209bcd4b3ed42
Network Engineer,日本電気株式会社,川崎市 下沼部,https://jp.indeed.com/viewjob?jk=137b7bba2b16b065
テクニカルアーティスト・3DCGプログラマー,スマイルテクノロジーユナイテッド株式会社,横浜市 横浜駅,https://jp.indeed.com/viewjob?jk=965c028b698c3644
"Senior Electrical Engineer, Digital Electronics",GE,日野市,https://jp.indeed.com/viewjob?jk=b3c1a316b86eb5cb
機械学習向けプログラム合成技術の研究開発,富士通株式会社,川崎市,https://jp.indeed.com/viewjob?jk=fe52b5af0a9dd4af
WEB開発プログラマー,ハーベスト株式会社,大阪市 北浜,https://jp.indeed.com/viewjob?jk=2a5585259231d3e0
IT開発会社のシステムプログラマー,株式会社アスタ,文京区 本郷,https://jp.indeed.com/viewjob?jk=d9c70354eb30c0b0
初級　Python　プログラマー,株式会社　エクステック　東京事業所,千代田区 神田駅,https://jp.indeed.com/viewjob?jk=9fe27fc130fad323
Webエンジニア/システムインテグレータ・ソフトハウス,株式会社 日本システム技研,長野市,https://jp.indeed.com/viewjob?jk=b5722c2036184a38
PHP・Laravel/労務管理パッケージ開発,フォアフロント株式会社,京都市 京都駅その他の勤務地(2),https://jp.indeed.com/viewjob?jk=654c7559035ac7eb
《DXIC》データサイエンティスト　/WLB,日鉄ソリューションズ株式会社,中央区 新川,https://jp.indeed.com/viewjob?jk=670103003d0db26b
スマートシティー システム開発,株式会社インフェス,新宿区•リモート勤務,https://jp.indeed.com/viewjob?jk=f0da49b58eb43012
Python案件　1104-5403　K-2,ヒューマネクト株式会社,東京都 23区,https://jp.indeed.com/viewjob?jk=eb722d4a7d0f7b8c
バックエンドエンジニア,株式会社 影山鉄工所,沼津市 西間門,https://jp.indeed.com/viewjob?jk=10fbdafed7ec8960
システムエンジニア,株式会社エム・アイ・ピー,港区,https://jp.indeed.com/viewjob?jk=b9a31290c076c42a
エンジニア/ソフトウェア・情報処理業界,株式会社GSI,仙台市その他の勤務地(4),https://jp.indeed.com/viewjob?jk=c93cc12c262fc90b
【リモートワーク/フルフレックス】データサイエンティスト,株式会社アイデミー,千代田区 神田小川町その他の勤務地(1),https://jp.indeed.com/viewjob?jk=876777881386513a
データ分析チーム,Retty株式会社,港区 麻布十番,https://jp.indeed.com/viewjob?jk=13c2f4530cb8d709
神奈川 ITエンジニア,株式会社メディノス採用グループ,横浜市 横浜駅,https://jp.indeed.com/viewjob?jk=4a41d55afa078973
システムエンジニア　PHPやPython言語(正社員),株式会社クローバー・ネットワーク・コム,港区 愛宕,https://jp.indeed.com/viewjob?jk=aaea520f73642b9a
システムエンジニア、プログラマ,住宅ソリューションズ株式会社,武蔵野市 吉祥寺本町,https://jp.indeed.com/viewjob?jk=4a72882b8abecd92
PHP　プログラマー,identity Inc.,渋谷区,https://jp.indeed.com/viewjob?jk=912a39be8c0e53db
ソフトフェアエンジニア,株式会社BLOOM BROTHERS,港区 表参道駅,https://jp.indeed.com/viewjob?jk=a99e5e9d8e7b4ea5
SE/PG/ソフトウェア・情報処理業界,株式会社ストーム,大阪市,https://jp.indeed.com/viewjob?jk=45cda427e44af84f
【Python】無人倉庫AGV経路最適化AI PoC　AIモデル構築【フリーランスエンジニア】,フリエン,千代田区,https://jp.indeed.com/viewjob?jk=2cc557f0e82c0ae4
MLエンジニア,ZOZOグループ,千葉市 緑町,https://jp.indeed.com/viewjob?jk=ced634ffcd151da9
Webアプリケーションエンジニア(Python),株式会社一休,港区 赤坂,https://jp.indeed.com/viewjob?jk=663a02fef83e65b9
データベースエンジニア,株式会社　D-ウェーブ,福岡市 赤坂,https://jp.indeed.com/viewjob?jk=52e235336fdd5f8d
社内SE,株式会社イセヤマ,名古屋市 橘,https://jp.indeed.com/viewjob?jk=ba3c066253250e4b
バックエンドエンジニア,みんなのマーケット株式会社,宮崎市 宮崎駅その他の勤務地(1)•リモート勤務,https://jp.indeed.com/viewjob?jk=db013eea63e8f94f
Python・Ruby/O2Oソリューションサービス開発のエンジニア求人・案件,株式会社flyhawk,港区 赤坂見附駅,https://jp.indeed.com/viewjob?jk=c15fa6cb8c69758a
システムエンジニア[大阪],特許業務法人HARAKENZO WORLD PATENT & TRADEMARK,大阪市 北区,https://jp.indeed.com/viewjob?jk=4b59705539c4d3c8
データサイエンティスト,エムスリー株式会社,港区 赤坂,https://jp.indeed.com/viewjob?jk=eecd6dab86e6a32b
スマホアプリエンジニア,株式会社 モンスター・ラボ,港区 赤羽橋駅その他の勤務地(1),https://jp.indeed.com/viewjob?jk=54c380137adcfdf1
テストエンジニア/アジャイル開発,フォアフロント株式会社,大阪市 内本町,https://jp.indeed.com/viewjob?jk=6027fa316ad9d7da
フリーランスエンジニア Python/DB,イチアール株式会社,大阪市 南方駅,https://jp.indeed.com/viewjob?jk=f64a676077b96557
フリーランスエンジニア AWS/Python,イチアール株式会社,千代田区 神田駅その他の勤務地(1),https://jp.indeed.com/viewjob?jk=72e59413480118cb
IoTデータを活用したAI開発/データ分析業務【空調冷熱ソリューションズ事業部】,パナソニック株式会社,墨田区,https://jp.indeed.com/viewjob?jk=0ab823ab5f06f474
UXエンジニア,株式会社アイレップ,渋谷区 恵比寿,https://jp.indeed.com/viewjob?jk=aa383b1442644544
シニアデータエンジニア,GMOペパボ株式会社,渋谷区 渋谷駅その他の勤務地(1),https://jp.indeed.com/viewjob?jk=c8ac4882209eb90b
Software Engineer / Cloud Native Platform / Private Cloud Pl...,LINE株式会社,新宿区,https://jp.indeed.com/viewjob?jk=a6c01284dbb75716
情報トレーサビリティシステム開発,株式会社デンソー,港区,https://jp.indeed.com/viewjob?jk=7d17f7da5c579bf0
エンジニア,アイレット株式会社,名古屋市 名駅その他の勤務地(1),https://jp.indeed.com/viewjob?jk=42afb3f0890f530c
Pythonエンジニア,株式会社　テクニケーション,台東区 新御徒町駅,https://jp.indeed.com/viewjob?jk=3d482d77d5155e80
フリーランス/ Python/SDGs/ESGデータツール開発_0.6~0.8人月稼働,テクフリ,千代田区,https://jp.indeed.com/viewjob?jk=e8b5a6987a913c33
Webアプリケーションエンジニア(集客チーム),株式会社一休,港区 赤坂,https://jp.indeed.com/viewjob?jk=ea6fad1ecae5679f
組み込みエンジニア,JOB 転職 エージェント,千代田区,https://jp.indeed.com/viewjob?jk=603bab133af3fda0
ツールエンジニア,株式会社Cygames,大阪市 大阪駅,https://jp.indeed.com/viewjob?jk=c0771072218f3295
"【完全週休2日制,定時退社可】プログラマー/正社員 Java実務経験者は優遇",株式会社オーシャンネット,名古屋市 伏見駅,https://jp.indeed.com/viewjob?jk=7bd138fb68c75f66
IT開発会社の自社サービスの開発(エンジニア),株式会社アスタ,文京区 本郷,https://jp.indeed.com/viewjob?jk=f9749c616bc5aecb
キャリアアップ・スキルアップ可!PHP/WEBエンジニア,株式会社リアクトウォール,板橋区,https://jp.indeed.com/viewjob?jk=6f8c46646da69031
サーバーサイドエンジニア(完全在宅勤務)/ITコンサルティング,株式会社 メンバーズ メンバーズエッジカンパニー,中央区 晴海•リモート勤務,https://jp.indeed.com/viewjob?jk=ec00e412ab6caf35
【ブランク可】プログラマ/システムエンジニア,株式会社ネビット,新宿区,https://jp.indeed.com/viewjob?jk=23b61c164f8f71e0
エンジニア・プログラマー,株式会社Growship,名古屋市その他の勤務地(1),https://jp.indeed.com/viewjob?jk=8a07e604d3579d62
プログラマ,株式会社リブレス,千代田区 平河町,https://jp.indeed.com/viewjob?jk=f777a19c54dc363f
システムエンジニア・プログラマー,株式会社リセ,渋谷区 桜丘町,https://jp.indeed.com/viewjob?jk=910ecd04ab3f3571
プログラマ,株式会社　エンテックス,千代田区 麹町,https://jp.indeed.com/viewjob?jk=7f3c0c6b92dfd505
フリーランスエンジニア Python/リモート,イチアール株式会社,墨田区 両国駅その他の勤務地(2),https://jp.indeed.com/viewjob?jk=fbfa266024ce4c14
経験がなくても大丈夫!アプリエンジニア/MySQL スキルアップ・キャリアアップ可!,株式会社NEW GATE,新宿区,https://jp.indeed.com/viewjob?jk=e7c366f5df3ecf36
データアグリゲーションエンジニア,freee株式会社,品川区 西五反田,https://jp.indeed.com/viewjob?jk=15ec9a4e2f0d31ff
AIエンジニア,株式会社Widsley,渋谷区 渋谷駅,https://jp.indeed.com/viewjob?jk=92890cf504285ee8
システム保守・運用サポート,株式会社未来シェア,横浜市,https://jp.indeed.com/viewjob?jk=ec7ec1dd555ce334
【Python】サプライチェーン向け新規プロダクト機械学習/SE(システムエンジニア)/経験者のみ,レバテックフリーランス,中央区 銀座,https://jp.indeed.com/viewjob?jk=b3860124a59d0a7f
engineer エンジニア,株式会社JUT JOY,渋谷区 神南,https://jp.indeed.com/viewjob?jk=0fab34410c896011
テスト・評価業務/テスター・エンジニア,フォアフロント株式会社,大阪市 北浜その他の勤務地(1),https://jp.indeed.com/viewjob?jk=51e19d6acf029d78
WEBエンジニア,株式会社エヌアセット,川崎市 溝口,https://jp.indeed.com/viewjob?jk=a64b936707d59f36
新卒採用 データサイエンティスト,チームラボ株式会社,千代田区 神田小川町,https://jp.indeed.com/viewjob?jk=673632abed5ee03a
サポートデスク,株式会社インファンクォーレ,豊島区 池袋駅,https://jp.indeed.com/viewjob?jk=5a795829962918b7
Webエンジニア,スパイスファクトリー株式会社 スパイスファクトリー株式会社,台東区 浅草橋,https://jp.indeed.com/viewjob?jk=076320c53813592c
Webエンジニア,株式会社メンバーズ メンバーズエッジカンパニー,鯖江市 深江町その他の勤務地(5),https://jp.indeed.com/viewjob?jk=de101e7cb8a40746
ゲームプログラマー,株式会社ビットグルーヴ,京都市 京都駅,https://jp.indeed.com/viewjob?jk=fc7f8c64f6cdddf7
システムエンジニア職,株式会社トレックス　　　　　　　　,千代田区 秋葉原駅,https://jp.indeed.com/viewjob?jk=46c8f5f56700ac46
Python/検索エンジン、クローラー開発のエンジニア求人・案件,株式会社flyhawk,港区 表参道駅,https://jp.indeed.com/viewjob?jk=95dec73adb7b37e4
データサイエンティスト(Kaggler枠),株式会社ディー・エヌ・エー,渋谷区 渋谷,https://jp.indeed.com/viewjob?jk=84bcba5ff77cc6c9
プログラマ,ナビッピドットコム株式会社,中央区 新日本橋駅,https://jp.indeed.com/viewjob?jk=749c99432aa80e0b
ソフトウェアエンジニア,株式会社ユー・エス・イー,大阪市 堺筋本町駅その他の勤務地(2),https://jp.indeed.com/viewjob?jk=61e614c2c29a9ea5
Data Analytics,フィデル・コンサルティング株式会社,世田谷区,https://jp.indeed.com/viewjob?jk=d53e505f4f8135f3
WEBアプリ開発技術者,Xerotta株式会社,東京都 23区,https://jp.indeed.com/viewjob?jk=bd6c43888fc07720
データサイエンティスト,大日本住友製薬株式会社,中央区 日本橋,https://jp.indeed.com/viewjob?jk=0d510d428e7296bd
プログラマ,株式会社ネビット,新宿区 市谷台町,https://jp.indeed.com/viewjob?jk=fb294d2e53e7d4c2
エンジニア,エルバークグループ,目黒区 中目黒,https://jp.indeed.com/viewjob?jk=6e3b18be3e00312b
フリーランス/【python】IoT機器データ管理システム開発│~60万│田町,INTLOOP株式会社,港区 田町駅,https://jp.indeed.com/viewjob?jk=37f2a9458c3dd934
ios開発エンジニア,SKer株式会社,横浜市,https://jp.indeed.com/viewjob?jk=a3260a3ee8e95804
開発エンジニア,株式会社クエリー,厚木市 中町その他の勤務地(1),https://jp.indeed.com/viewjob?jk=18e0b2aaa83ddbad
データアナリスト,株式会社マイクロアド,渋谷区 神泉町,https://jp.indeed.com/viewjob?jk=fb15402ad3c83792
【Python】受発注サービス開発/SE(システムエンジニア)/経験者のみ,レバテックフリーランス,東京都 23区,https://jp.indeed.com/viewjob?jk=89e03ac016d6cbd4
"Software Development Engineer, Seller Services / ソフトウェアエンジニア...",Amazon Japan G.K.,目黒区,https://jp.indeed.com/viewjob?jk=505e178405937cd0
ソフトウェアエンジニア(TIG/Technology Architect),フューチャーアーキテクト株式会社,品川区 大崎駅,https://jp.indeed.com/viewjob?jk=7a0e26a7a240f4ae
【ミドル・シニア可】プログラマ/システムエンジニア,株式会社ネビット,新宿区,https://jp.indeed.com/viewjob?jk=5efece0f056b0e6f
フリーランスエンジニア Python,イチアール株式会社,世田谷区 経堂駅その他の勤務地(49),https://jp.indeed.com/viewjob?jk=fdc445078a3ed8d8
データサイエンティスト,株式会社 プロトソリューション,新宿区 新宿駅,https://jp.indeed.com/viewjob?jk=628849802d16407c
データベースエンジニア,株式会社コーボー,港区 赤坂,https://jp.indeed.com/viewjob?jk=d253f3c8ac46ec0a
フルスタックエンジニア,株式会社システムアイ,横浜市 みなとみらい,https://jp.indeed.com/viewjob?jk=4d2bcf407d3d601a
【ゲーム開発(大阪・東京)】テクニカルアニメーター,株式会社カプコン,大阪市 中央区その他の勤務地(1),https://jp.indeed.com/viewjob?jk=b89dce5a2ab58b43
AI・RPAエンジニア,株式会社 プロトソリューション,宜野湾市 大山,https://jp.indeed.com/viewjob?jk=b89727b4e8e3b562
【Ruby/Python(Django)】医療系サービスのリプレイスプロジェクト、一人目のエンジニアとして参画しませんか...,株式会社Hajimari,渋谷区,https://jp.indeed.com/viewjob?jk=d498c15fcf3981ac
データサイエンティスト,フィデル・コンサルティング株式会社,世田谷区,https://jp.indeed.com/viewjob?jk=f5207fb69c75fd08
Webエンジニア,株式会社フラックス・エージェント,東京都 23区,https://jp.indeed.com/viewjob?jk=2a508b980219f6df
プログラマ,北海道 株式会社ハイソフテック,函館市,https://jp.indeed.com/viewjob?jk=bcaf6e2c12b5b4f8
データビジネスコンサルタント(SupershipHD),Supershipグループ,港区 虎ノ門,https://jp.indeed.com/viewjob?jk=31545f0526def99b
[正社員]SE(システムエンジニア),株式会社ヴェリタスジャパン,横浜市 関内駅,https://jp.indeed.com/viewjob?jk=431071f86440c744
日本の漫画を海外に配信するサイトを開発・運用するエンジニア,株式会社J&L,渋谷区 渋谷駅,https://jp.indeed.com/viewjob?jk=89d3e133f7f65a2b
企業のネットワーク設定など,フォアフロント株式会社,大阪市 淀屋橋駅,https://jp.indeed.com/viewjob?jk=cafe6b4bfa4988cd
"[Medical] データサイエンティスト, ビジネスインテリジェンス & アナリティクス",Johnson & Johnson Family of Companies,千代田区,https://jp.indeed.com/viewjob?jk=b518d0420920e342
初級エンジニア/技術系(IT・Web・ゲーム・通信),株式会社アクシス・クリエイト,東京都 23区その他の勤務地(6),https://jp.indeed.com/viewjob?jk=fa1d5a8f9c687ce2
製造業向けプロダクトの画像処理アルゴリズム開発エンジニア,株式会社VRAIN Solution,中央区 茅場町駅,https://jp.indeed.com/viewjob?jk=9839eb5636ecc995
データサイエンティスト,株式会社一休,港区 赤坂,https://jp.indeed.com/viewjob?jk=c87743a80ba62fbc
Python/ニュース配信アプリ開発のエンジニア求人・案件,株式会社flyhawk,港区 六本木駅,https://jp.indeed.com/viewjob?jk=462a6893b3142f47
経験が活かせる　Python技術者,株式会社　プロサポート,名古屋市 伏見駅,https://jp.indeed.com/viewjob?jk=0e0653160f0a4871
【データベースの設計/運用経験者】データ分析業務()基本リモート/都内/月60万円,株式会社 Legame,東京都 23区,https://jp.indeed.com/viewjob?jk=dd21e16f625fa18d
WEB系エンジニア,CCアーキテクト株式会社,中央区 新川,https://jp.indeed.com/viewjob?jk=66a718d9c1051061
スマートファクトリー実現に向けたシステム企画/開発(二輪/熊本県菊池郡),本田技研工業 株式会社,菊池郡,https://jp.indeed.com/viewjob?jk=81fa6c3de00525d1
【Python】機械学習パッケージシステム開発,株式会社flyhawk,江東区 豊洲駅,https://jp.indeed.com/viewjob?jk=8a33c8b3992c4989
データサイエンティスト,株式会社プロトコーポレーション,新宿区 西新宿,https://jp.indeed.com/viewjob?jk=e438af206e70f0c6
データ分析担当者【くらしアプライアンス社　技術本部】,パナソニック株式会社,品川区 新馬場駅,https://jp.indeed.com/viewjob?jk=57d88106f42690a3
データサイエンティスト,レバレジーズ株式会社,渋谷区 渋谷,https://jp.indeed.com/viewjob?jk=a11ccf15e2c503de
Pythonエンジニア,キャル株式会社(東京本部),千代田区 秋葉原駅,https://jp.indeed.com/viewjob?jk=a26c3e988ce849c7
【ソフトウェア開発/画像認識アルゴリズム開発】AI組込イメージセンサを使用した、IoTや自動運転、スマートファクトリー、...,ソニーセミコンダクタソリューションズ株式会社,品川区,https://jp.indeed.com/viewjob?jk=bc66de1b6fe5c899
Presales Expert (m/f/d): Business Process Intelligence,SAP,千代田区,https://jp.indeed.com/viewjob?jk=0a473b9f21b79d0b
データサイエンティスト,株式会社エブリー,港区 六本木,https://jp.indeed.com/viewjob?jk=916584464d4e0987
データサイエンティスト,株式会社スマートウィル,港区 六本木,https://jp.indeed.com/viewjob?jk=73b7dce74e34833e
AI(画像認識・自然言語処理)アルゴリズム開発者,コニカミノルタ株式会社,八王子市,https://jp.indeed.com/viewjob?jk=c279f9b83b5c3aa6
装置メーカーでのAI開発(Python使用),株式会社　コイズミデザイン,京都市 伏見区,https://jp.indeed.com/viewjob?jk=f1a10b72832293f4
ソフトウェアエンジニア,株式会社Onion,渋谷区 渋谷駅,https://jp.indeed.com/viewjob?jk=2d23b5a1fb10cf14
C/C++　組み込み・制御エンジニア,identity Inc.,品川区,https://jp.indeed.com/viewjob?jk=c0400d195a4179c3
バックエンドエンジニア,株式会社RED FRASCO,目黒区 中目黒,https://jp.indeed.com/viewjob?jk=db35907a69689a30
IT開発エンジニア(2月入社多数採用),株式会社ワイヤードパッケージ,東京都 23区,https://jp.indeed.com/viewjob?jk=f3bda52eef96556f
アプリケーションエンジニア,株式会社ファーストリテイリング,江東区 有明,https://jp.indeed.com/viewjob?jk=864a7247a623e9b4
データサイエンティスト/家電・AV機器業界,東芝デベロップメントエンジニアリング株式会社,横浜市,https://jp.indeed.com/viewjob?jk=a1835cf3d5611a30
制御・組み込み系プログラマー,ハーベスト株式会社,大阪市 北浜,https://jp.indeed.com/viewjob?jk=ff953bfb7a8b66b4
Webエンジニア,株式会社W8 SYSTEMS,港区 白金,https://jp.indeed.com/viewjob?jk=d5eed20a86461932
データサイエンティスト(在宅勤務可),フィデル・コンサルティング株式会社,大阪市,https://jp.indeed.com/viewjob?jk=47cd43137707a3df
AIエンジニア(ジョブカン),株式会社Donuts,渋谷区 代々木,https://jp.indeed.com/viewjob?jk=edd1327c5a83e29c
IT開発会社の自社システムエンジニア,株式会社アスタ,文京区 本郷,https://jp.indeed.com/viewjob?jk=00b4075bf5ba25a0
ITエンジニア,ユニインフォーメーション株式会社,大田区 蒲田駅,https://jp.indeed.com/viewjob?jk=d88859d6e15c3d72
PythonにてAI開発支援・運用,株式会社スキルコネクト,台東区 御徒町駅,https://jp.indeed.com/viewjob?jk=990f846c3651b546
【Java】EC関連システムのRubyエンジニア,ハーベスト株式会社,大阪市 内本町,https://jp.indeed.com/viewjob?jk=00e00938fed835e1
フリーランスエンジニア Python/AIコンサル,イチアール株式会社,新宿区 新宿駅,https://jp.indeed.com/viewjob?jk=a7cc2156f7d4b1fc
システムエンジニア、プログラマー、システム営業,株式会社ワイ・ビー・シー,横浜市 立町,https://jp.indeed.com/viewjob?jk=50fd2dcbcedd39de
外資系証券会社 「データサイエンティスト」,ヘイズ・スペシャリスト・リクルートメント・ジャパン株式会社,東京都 23区,https://jp.indeed.com/viewjob?jk=7c125138ce1d9a6b
VDIエンジニア,株式会社インターネットイニシアティブ,千代田区,https://jp.indeed.com/viewjob?jk=df8c666fade4ff05
次世代顔認証アルゴリズム研究開発,ソフトバンク株式会社,函館市,https://jp.indeed.com/viewjob?jk=ff268870ea9e0e4e
クラウドサービス開発業務支援(07913_k),"Cosmostork Co., Ltd.",横浜市 みなとみらい,https://jp.indeed.com/viewjob?jk=c2d386280e14ce98
【マーティングリサーチ×データ分析】,株式会社エフ・グッド,藤沢市 藤沢,https://jp.indeed.com/viewjob?jk=d1b451bf97b49d0a
プログラマー,株式会社デルタエンジニアリング,横浜市,https://jp.indeed.com/viewjob?jk=f9afa70c3dd2b62e
プログラマー,株式会社Def tribe,大阪市 心斎橋駅その他の勤務地(1),https://jp.indeed.com/viewjob?jk=fb133600b6920d08
プログラマー,株式会社Ultimate Life,小美玉市 羽鳥その他の勤務地(1),https://jp.indeed.com/viewjob?jk=79c53ed874a7a929
ITエンジニア,株式会社アスパーク　長野オフィス,長野市その他の勤務地(5),https://jp.indeed.com/viewjob?jk=e7d1c07b2b55be5b
システムエンジニア,nmsエンジニアリング,札幌市 白石区,https://jp.indeed.com/viewjob?jk=7f7876c103453594
データ分析,エイラシステム株式会社,港区,https://jp.indeed.com/viewjob?jk=c5ba71539cd048bf
宮崎サーバサイドエンジニア,株式会社コウェル,宮崎市 宮崎駅,https://jp.indeed.com/viewjob?jk=ff9b886895dfe3eb
システムエンジニア(SE),株式会社プラムシックス,千葉市,https://jp.indeed.com/viewjob?jk=d0414a39867babd8
サーバーサイドエンジニア,JOB 転職 エージェント,千代田区,https://jp.indeed.com/viewjob?jk=195ff5e5082492cb
プログラマー、SE、ネットワークエンジニア,エヴィクサー株式会社,中央区 新川,https://jp.indeed.com/viewjob?jk=47fdf4b2eb38234b
Python、TypeScriptでのアプリ開発,パーソルエクセルHRパートナーズ株式会社,横浜市 篠原町,https://jp.indeed.com/viewjob?jk=e8d514286af68e91
エンジニアオープンポジション,Ultimatrust株式会社,千代田区,https://jp.indeed.com/viewjob?jk=52cacfec0aaa072d
【Linux/UNIX運用経験】予約システム開発/Web構築運用支援(基本テレワーク/東京/月60万円),株式会社 Legame,千代田区 東京駅•リモート勤務,https://jp.indeed.com/viewjob?jk=b5fcf463fd0f5718
制御・組み込み系システムエンジニア,ハーベスト株式会社,大阪市 北浜,https://jp.indeed.com/viewjob?jk=b4c3a5935b8a3d6c
開発エンジニア(PHP・Java・JavaScript・C・C++・C#・VC・VC++・Ruby・Python等を使用...,株式会社グリーンイノベーションズホールディングス,あきる野市,https://jp.indeed.com/viewjob?jk=321fd67103895a56
Linux・Python/某ゲーム会社でのサーバー保守運用,株式会社flyhawk,渋谷区 渋谷駅,https://jp.indeed.com/viewjob?jk=27fab0e21c55cc6f
データアナリスト,株式会社クラス,大阪市 淀川区,https://jp.indeed.com/viewjob?jk=f69821169172c711
【D&T】Data Engineer (Data Lake),AXA GENERAL INSURANCE Co. Ltd,台東区 寿,https://jp.indeed.com/viewjob?jk=79847c76dea6dc2d
ソフトウェアエンジニア,株式会社FFRIセキュリティ,千代田区 東京駅,https://jp.indeed.com/viewjob?jk=c0d31a13adb36aa9
フロントエンドエンジニア,株式会社リスペクト,千代田区 飯田橋,https://jp.indeed.com/viewjob?jk=1bbafcf0a169f54f
データアナリスト,鎌田醤油株式会社,坂出市,https://jp.indeed.com/viewjob?jk=1e0901b4e55170a3
プログラマ,株式会社ライフビジネスウェザー,中央区 人形町駅,https://jp.indeed.com/viewjob?jk=7e4685a4cfcb14f1
Ruby/Rails　プログラマー,identity Inc.,港区 外苑前駅,https://jp.indeed.com/viewjob?jk=3525cfe1a74dae1a
開発エンジニア,株式会社ヒューメインシステム,千代田区,https://jp.indeed.com/viewjob?jk=0503afde6ee63adf
神奈川 画像AIエンジニア 社内開発,株式会社メディノス採用グループ,横浜市 横浜駅,https://jp.indeed.com/viewjob?jk=1f4441a4a0f11cb4
Office365/メールシステム移行業務など,フォアフロント株式会社,大阪市 淀屋橋駅,https://jp.indeed.com/viewjob?jk=53e2d19a01613248
アルゴリズムエンジニア,ならでわ　株式会社,宇都宮市 伝馬町,https://jp.indeed.com/viewjob?jk=1e5c326a6813f017
システムエンジニア,東日本ガス株式会社,取手市その他の勤務地(1),https://jp.indeed.com/viewjob?jk=c39a297effe3225f
サーバーサイドエンジニア,株式会社ABEJA,港区 北青山,https://jp.indeed.com/viewjob?jk=649d713b2c688027
インフラエンジニア 中国語出来る方,株式会社ビッグハンズ,中央区 茅場町駅•リモート勤務,https://jp.indeed.com/viewjob?jk=2e4b8dda351f9c11
[フルリモート]アプリゲーム分析案件のプロジェクトリード候補,株式会社リーン・ニシカタ,東京都 23区•リモート勤務,https://jp.indeed.com/viewjob?jk=a0c5b2c53ee9749f
Python:SE,フィット産業　株式会社　関西支社(大阪),大阪市 南方駅,https://jp.indeed.com/viewjob?jk=46bad634929bbc49
Python/新規採用プラットフォーム開発案件・求人,株式会社flyhawk,渋谷区 渋谷駅,https://jp.indeed.com/viewjob?jk=c0a9a1697ebbe514
プログラマ,株式会社エイシル,千葉市 新町,https://jp.indeed.com/viewjob?jk=f7089543cce6b5b9
プログラマー,株式会社FAIR NEXT INNOVATION,立川市その他の勤務地(3),https://jp.indeed.com/viewjob?jk=588921cd53b56c1f
(福岡)WEBエンジニア_フルリモート/インターネット/Webサービス・ASP,株式会社 BTM,福岡市 天神•リモート勤務,https://jp.indeed.com/viewjob?jk=1f357def97d8671b
PHP/ECサイト向けサーバアプリ開発業務,フォアフロント株式会社,神戸市 三宮駅,https://jp.indeed.com/viewjob?jk=5d1e5b0903f80fbb
システム開発エンジニアおよびプログラマー,合同会社ユーザーフレンドリーカンパニー,東京都 23区,https://jp.indeed.com/viewjob?jk=087a7841ecb04ea6
Windows・PoweShell/DBサーバの運用保守など,フォアフロント株式会社,大阪市 淀屋橋駅,https://jp.indeed.com/viewjob?jk=6ea788ec1b158a45
【大阪】Java開発エンジニア,エクトミシステム株式会社,大阪市,https://jp.indeed.com/viewjob?jk=20ab6776db53d4e7
Webプログラマー,アンテナ株式会社,飯山市 大字飯山その他の勤務地(5),https://jp.indeed.com/viewjob?jk=4c5226a03890dfca
"Webオープン系プログラム Java,Javascript,php,C#,.Net,Python,Ruby,Go言語",ファセッツソリューションズ株式会社,新宿区 西新宿,https://jp.indeed.com/viewjob?jk=8a8215bfe36d8a09
データサイエンティスト,イグニション・ポイント株式会社,渋谷区 東,https://jp.indeed.com/viewjob?jk=2557210a602ff7cd
【インターンシップ】 ジョブカン・ミクチャ・CLIUSの開発エンジニア,株式会社Donuts,渋谷区 代々木,https://jp.indeed.com/viewjob?jk=239aa74a831daada
Pythonアプリケーション開発,株式会社　OKUSYSTEM,台東区 上野駅,https://jp.indeed.com/viewjob?jk=e339557b4c8ac055
機械学習エンジニア職,ダイナミックプラス株式会社,千代田区 隼町,https://jp.indeed.com/viewjob?jk=e4565cb5763e9d02
リードエンジニア:家族向けFinTechアプリの立ち上げメンバー,ファミリーテック(株),港区 虎ノ門,https://jp.indeed.com/viewjob?jk=af2b101c3e28c94b
プログラマー　他県からの引越サポート / ソフトウェア開発,豊臣ソフト開発株式会社,名古屋市 瑞穂区,https://jp.indeed.com/viewjob?jk=3deb674a2f51e04c
データサイエンティスト 機械学習エンジニア,株式会社エイアイ・フィールド,千代田区 溜池山王駅,https://jp.indeed.com/viewjob?jk=a7b71cb5511f76fb
JavaScript/大規模サイト向けCMS導入支援,フォアフロント株式会社,大阪市 大阪駅,https://jp.indeed.com/viewjob?jk=b5c6a247e37db4f6
システムエンジニア・ネットワークエンジニア,株式会社システムデルタリンクス,東京都 23区,https://jp.indeed.com/viewjob?jk=60a6088c1b863380
機械学習エンジニア,クリスタルワーク,渋谷区,https://jp.indeed.com/viewjob?jk=c73bd0956680224c
23卒ITエンジニア,株式会社Donuts,渋谷区 代々木,https://jp.indeed.com/viewjob?jk=b93e9932c9ba00f7
【インターンシップ】 エンジニア/プログラマー,GFIT株式会社,港区 新橋駅,https://jp.indeed.com/viewjob?jk=d0d69bbddbeeeaae
Webエンジニア(2022卒),株式会社エニグモ,港区 青山一丁目駅,https://jp.indeed.com/viewjob?jk=67a88d31292e1aa9
サーバ保守管理,株式会社モバリティー,千代田区 飯田橋,https://jp.indeed.com/viewjob?jk=1d4fb17dd18ebec0
テスター 電子書籍開発Webビューワー検証業務,株式会社PEーBANK,仙台市 一番町,https://jp.indeed.com/viewjob?jk=57b066c317fd88d1
【Python】宿泊予約アプリの開発【フリーランスエンジニア】,フリエン,渋谷区 恵比寿駅,https://jp.indeed.com/viewjob?jk=f3fcd02347719d4e
テスト 製造業アプリのテスト支援,株式会社PEーBANK,大阪市 新大阪駅,https://jp.indeed.com/viewjob?jk=a14c1656da26cd6d
フリーランス/Python/SQL/医療系DWH再構築案件,テクフリ,豊島区,https://jp.indeed.com/viewjob?jk=ba2a074851dc85ce
機械学習エンジニア,クリスタルワーク,渋谷区,https://jp.indeed.com/viewjob?jk=c73bd0956680224c
23卒ITエンジニア,株式会社Donuts,渋谷区 代々木,https://jp.indeed.com/viewjob?jk=b93e9932c9ba00f7
【インターンシップ】 エンジニア/プログラマー,GFIT株式会社,港区 新橋駅,https://jp.indeed.com/viewjob?jk=d0d69bbddbeeeaae
Webエンジニア(2022卒),株式会社エニグモ,港区 青山一丁目駅,https://jp.indeed.com/viewjob?jk=67a88d31292e1aa9
サーバ保守管理,株式会社モバリティー,千代田区 飯田橋,https://jp.indeed.com/viewjob?jk=1d4fb17dd18ebec0
【Python/機械学習】ルート最適化【フリーランスエンジニア】,フリエン,千代田区,https://jp.indeed.com/viewjob?jk=296a8b8dded73001
【Python】データ分析基盤の開発及び運用,非公開,港区 六本木駅,https://jp.indeed.com/viewjob?jk=2d97814cf257287e
【Python】ML【フリーランスエンジニア】,フリエン,渋谷区 恵比寿駅,https://jp.indeed.com/viewjob?jk=372e656f7bbc2ffa
テスト 製造業アプリのテスト支援,株式会社PEーBANK,大阪市 新大阪駅,https://jp.indeed.com/viewjob?jk=a14c1656da26cd6d
【Python】医療系データ分析【フリーランスエンジニア】,フリエン,目黒区,https://jp.indeed.com/viewjob?jk=b805c1e24f9ec700
業務委託/【Python】大手通信キャリア/データ分析案件 の求人・案件,ポート株式会社,中央区 勝どき駅,https://jp.indeed.com/viewjob?jk=e654bd2df08c7445
フリーランス/Python/Pandas/データサイエンスプロジェクトにおける分析支援ライブラリの開発,テクフリ,豊島区,https://jp.indeed.com/viewjob?jk=8ecada4adfcc1b4b
【Python/データ解析】AI技術(情報解析)開発技術者(AIでデータ解析に関する開発経験がある方)【フリーランスエン...,フリエン,東京都 23区,https://jp.indeed.com/viewjob?jk=c5560f53d2240d3f
データサイエンティスト / 経験者のみ / コンサルティング,アポロ株式会社,港区 六本木駅,https://jp.indeed.com/viewjob?jk=87da9378e8788ec4
アプリケーションエンジニア / 開発経験者のみ / ソフトウェア,スプリームシステム株式会社,豊島区 池袋駅,https://jp.indeed.com/viewjob?jk=c9136c4bf5c5d730
JavaScript アプリPKG開発,株式会社PEーBANK,仙台市 仙台駅,https://jp.indeed.com/viewjob?jk=f87033e2d08329d3
【Python】開発支援【フリーランスエンジニア】,フリエン,江東区,https://jp.indeed.com/viewjob?jk=4f3b9272cc9f23c6
【Python】物体検出AI開発【フリーランスエンジニア】,フリエン,大阪市 此花区,https://jp.indeed.com/viewjob?jk=24794d153b3835a7
フリーランス/【札幌】Python│Webサービス開発業務│リモート可│~50万円,INTLOOP株式会社,札幌市 北区,https://jp.indeed.com/viewjob?jk=9f73c05d9e64cb3f
フルスタックエンジニア / 経験者のみ / コンサルティング,株式会社BLITZ Marketing,渋谷区 渋谷駅,https://jp.indeed.com/viewjob?jk=15d58afb153a0de6
【Python】バックエンドオープンポジション/SE(システムエンジニア)/経験者のみ,レバテックフリーランス,中央区 銀座,https://jp.indeed.com/viewjob?jk=39bf069d2ff02a97
フリーランス/【福岡】Python|データ分析開発支援|中央区,INTLOOP株式会社,福岡市 天神駅,https://jp.indeed.com/viewjob?jk=e51f53d0770dc364
【Python/フルリモート】ビッグデータサービス運用/SE(システムエンジニア)/経験者のみ,レバテックフリーランス,大阪市 北新地駅,https://jp.indeed.com/viewjob?jk=c8284e148e087fdb
【Python】福利厚生クーポンアプリの開発【フリーランスエンジニア】,フリエン,渋谷区,https://jp.indeed.com/viewjob?jk=d8cfb736342bb1f7
【Python】IoT関連システムの開発【フリーランスエンジニア】,フリエン,東京都 23区,https://jp.indeed.com/viewjob?jk=8c49586651101a13
チャットボット開発企業での開発/開発エンジニア,パーソルテクノロジースタッフ株式会社,品川区 不動前駅,https://jp.indeed.com/viewjob?jk=60a6aad729b3ea43
【週3日/Python】リモートOK!AI受託開発案件のリードエンジニア募集!,株式会社Hajimari,渋谷区,https://jp.indeed.com/viewjob?jk=bcaccc12d89ee9da
【週3日〜】新規サービスを担うPythonエンジニア募集!,株式会社Hajimari,港区 青山一丁目駅,https://jp.indeed.com/viewjob?jk=b738f3b6bec43de6
【Python/経験者優遇】Python連携webアプリ開発【フリーランスエンジニア】,フリエン,大阪市 大阪駅,https://jp.indeed.com/viewjob?jk=b7facdd01879d23d
"データサイエンティスト / 経験者のみ / インターネット,ソフトウェア,人材･教育",株式会社リクルート,千代田区 東京駅,https://jp.indeed.com/viewjob?jk=51cca980c63c27a8
"フルリモート【Java,Python,Go】アジャイル開発に精通したリードエンジニア募集!",株式会社Hajimari,千代田区,https://jp.indeed.com/viewjob?jk=bf042e6e5d01ee7b
【Python】法人向けSaaSのクローラー開発/サーバーサイドエンジニア/経験者のみ/週3以上OK,レバテックフリーランス,港区 田町駅,https://jp.indeed.com/viewjob?jk=fbec79185aa4a1c6
オープニング・未経験から現場で必要とされるITエンジニアへ,株式会社クリエイト・スタッフィング,福岡市 中央区その他の勤務地(1),https://jp.indeed.com/viewjob?jk=329ce73c48127332
データサイエンティスト / 経験者のみ / インターネット,株式会社エアークローゼット,港区 外苑前駅,https://jp.indeed.com/viewjob?jk=9952b5181adcced2
"アプリケーションエンジニア,フルスタックエンジニア / 開発経験者のみ / SIer",株式会社エビリー,渋谷区 渋谷駅,https://jp.indeed.com/viewjob?jk=be71305be46019f2
【Python/経験2年以上】AI開発【フリーランスエンジニア】,フリエン,港区 浜松町駅,https://jp.indeed.com/viewjob?jk=acbf0a9c47344107
業務委託/【Python】機械学習システム開発 の求人・案件,ポート株式会社,江東区 東陽町駅,https://jp.indeed.com/viewjob?jk=6fd5522011caab65
【Python/AI】画像解析システム開発【フリーランスエンジニア】,フリエン,大阪市 浪速区,https://jp.indeed.com/viewjob?jk=78ea548edbfdce1d
【ユーザー数500万人超の音楽コラボSNS】Pythonエンジニア募集!,株式会社Hajimari,渋谷区,https://jp.indeed.com/viewjob?jk=d86a320a3c076f73
【Python】自社サービスでのWebアプリケーション開発【フリーランスエンジニア】,フリエン,東京都 23区,https://jp.indeed.com/viewjob?jk=aa4124ba54c76eef
[11月上旬開始]データサイエンティスト×機械学習,オムロンエキスパートリンク株式会社,八王子市 八王子駅,https://jp.indeed.com/viewjob?jk=aed1223d4635269f
【Python】Webシステム開発【フリーランスエンジニア】,フリエン,千代田区,https://jp.indeed.com/viewjob?jk=282a615fdf2ab4f6
"【Python 3系/Django/React.js】働き方柔軟!AWS, GCPの知見のあるサーバーサイドエンジニアW...",株式会社Hajimari,中央区 銀座,https://jp.indeed.com/viewjob?jk=276d90779226c026
"3Dデザイナー / 開発経験者のみ / ソーシャルゲーム,コンシューマーゲーム",アングー株式会社,品川区 目黒駅,https://jp.indeed.com/viewjob?jk=ebe90548ed24025c
サーバーサイドエンジニア / 開発経験者のみ / 医療･福祉,株式会社JMDC,港区 浜松町駅,https://jp.indeed.com/viewjob?jk=0ec618865b6db4a9
ITコンサル・セキュリティコンサル / 開発経験者のみ / 通信,HEROZ株式会社,港区 三田駅,https://jp.indeed.com/viewjob?jk=f150547246c387a9
Web・オープン系システムエンジニア Python リモート相談可 売買審査システム開発支援,パーソルテクノロジースタッフ株式会社(IT),品川区 大井町駅,https://jp.indeed.com/viewjob?jk=2caade6f40ff708f
【AI/Python/GCP/経験1年以上】発注数提案システム【フリーランスエンジニア】,フリエン,横浜市 横浜駅,https://jp.indeed.com/viewjob?jk=4496c1e32d66cece
[Python/Pytorch]AI/特定画像認識アプリ開発,株式会社イーブルーウェーブ,大阪市,https://jp.indeed.com/viewjob?jk=0611c7480f5d87bd
【Python】請負案件の開発【フリーランスエンジニア】,フリエン,品川区,https://jp.indeed.com/viewjob?jk=da54adc49104ede8
C++ developer in Berlin. 120 000 euro per year,think-cell,"Berlin, Germany",https://stackoverflow.com/jobs/36832
Backend Software Engineer: Python/ Java (m/f/d),creditshelf,"Frankfurt am Main, Deutschland",https://stackoverflow.com/jobs/219940
Back-end developer (Python),Nolk,"Montreal, QC, Canada",https://stackoverflow.com/jobs/547896
(Senior) Backend Python Developer (m/f/x),Alasco,"München, Germany",https://stackoverflow.com/jobs/388312
Python Developer (Remote),X-Team,No office location,https://stackoverflow.com/jobs/534454
Senior Python Developer - Django Rest Framework,n.exchange,"Lisbon, Portugal",https://stackoverflow.com/jobs/554539
C++ and Python software engineers - Metrology,ASML,"Veldhoven, Netherlands",https://stackoverflow.com/jobs/523429
Lead/Senior Software Engineer (Python/Django),Sector Labs,"Dubai, United Arab Emirates",https://stackoverflow.com/jobs/551454
Senior Software Engineer (Python),HENNGE K.K.,"Tokyo, Japan",https://stackoverflow.com/jobs/555511
(Junior) Software Developer Python (m/w/d),Univention GmbH,No office location,https://stackoverflow.com/jobs/550381
Python Backend Developer (m/f/d) - Industrial Data Science and Software,Smart Steel Technologies GmbH,"Berlin, Germany",https://stackoverflow.com/jobs/334428
Senior Python Full Stack Engineer,e-bot7 GmbH,"Munich, Germany",https://stackoverflow.com/jobs/551750
Python Backend Engineer,Skillhouse Staffing Solutions,"Tokyo, Japan",https://stackoverflow.com/jobs/556016
Python Linux Specialist Software Engineer,Canonical,No office location,https://stackoverflow.com/jobs/459775
"Senior Software Engineer, Integration QA, Python",Canonical,No office location,https://stackoverflow.com/jobs/519661
Node.js Developer (Remote),Soshace LLC,No office location,https://stackoverflow.com/jobs/555481
React or Angular Front-end developer (Remote),Soshace LLC,No office location,https://stackoverflow.com/jobs/555480
Java/Spring Developer (Remote),Soshace LLC,No office location,https://stackoverflow.com/jobs/555482
Full Stack Engineer (m/f/d),Fashion Cloud,"Amsterdam, Netherlands",https://stackoverflow.com/jobs/552987
Principal Backend Engineer,Secfi,"Amsterdam, Netherlands",https://stackoverflow.com/jobs/557027
Software Architect (Django/Flask + React),Self Decode,No office location,https://stackoverflow.com/jobs/307459
Lead Full-Stack Software Engineer (Tech Lead) (f/m/d),HeidelbergCement AG,"Heidelberg, Deutschland",https://stackoverflow.com/jobs/557326
"Software Engineer, Backend",SmartNews,"Shibuya City, Japan",https://stackoverflow.com/jobs/208334
Backend Software Engineer - Trust and Safety Engineering,ByteDance,Singapore,https://stackoverflow.com/jobs/546396
"Full Stack Software Engineer, Business Integrity",ByteDance,Singapore,https://stackoverflow.com/jobs/553099
Middleware C++ Software Engineer for Linux (f/m/x),BMW Group,"Ulm, Deutschland",https://stackoverflow.com/jobs/528145
Lead Full-Stack Software Engineer (Tech Lead) (f/m/d),HeidelbergCement AG,"Heidelberg, Deutschland",https://stackoverflow.com/jobs/557326
Data Backend Engineer,Tactile Games,"København, Denmark",https://stackoverflow.com/jobs/554364
Software Engineer (Monitoring System) - Working in Japan,LINE Fukuoka,"Fukuoka, Japan",https://stackoverflow.com/jobs/273841
"Software Engineer, Platform Infrastructure",SmartNews,"Shibuya City, Japan",https://stackoverflow.com/jobs/448299
Full Stack Developer (Django + React),Self Decode,No office location,https://stackoverflow.com/jobs/524866
Senior Backend Engineer,Tessian,"London, UK",https://stackoverflow.com/jobs/547940
Front-End Software Engineer,HENNGE K.K.,"Tokyo, Japan",https://stackoverflow.com/jobs/381280
Senior Software Engineer - App Store APIs,Canonical,No office location,https://stackoverflow.com/jobs/551466
Software Architect (Django/Flask + React),Self Decode,No office location,https://stackoverflow.com/jobs/307459
(Senior) DevOps Cloud / AWS Engineer (m/f/x),Alasco,"München, Germany",https://stackoverflow.com/jobs/521980
"Backend Software Engineer, Business Integrity",ByteDance,Singapore,https://stackoverflow.com/jobs/553036
Senior Software Engineer (Frontend),Deepfield Networks,"Ann Arbor, MI",https://stackoverflow.com/jobs/185876
Software Developers for our offices in Germany and UK,Evotec SE,"Hamburg, Germany",https://stackoverflow.com/jobs/524299
"Senior Software Engineer, Backend - Landscape",Canonical,No office location,https://stackoverflow.com/jobs/551337
Backend Engineer - Partner API,Runtastic,"Vienna, Austria",https://stackoverflow.com/jobs/507680
Kubernetes Administrator,CYBERTEC PostgreSQL International GmbH,No office location,https://stackoverflow.com/jobs/555257
(Senior) Android Software Developer - Munich,Paradox Cat GmbH,"München, Deutschland",https://stackoverflow.com/jobs/181583
Backend Software Engineer - Trust and Safety Engineering,ByteDance,Singapore,https://stackoverflow.com/jobs/546396
"Backend Software Engineer, Customer Service Platform",ByteDance,Singapore,https://stackoverflow.com/jobs/529048
"Backend Software Engineer, Video Infrastructure",ByteDance,Singapore,https://stackoverflow.com/jobs/547751
C++ Software Developer (w/m/d) - Automotive Simulation - Munich / DE-remote,Paradox Cat GmbH,"München, Deutschland",https://stackoverflow.com/jobs/551302
Data Engineer,CluePoints S.A.,"Ottignies-Louvain-la-Neuve, Belgium",https://stackoverflow.com/jobs/536259
Senior Software Engineer/SRE - Trading Analytics,Bloomberg LP,"London, UK",https://stackoverflow.com/jobs/551412
Backend Engineer,AsurionviaComputer Futures Japan,"Tokyo, Japan",https://stackoverflow.com/jobs/516824
Senior Data Engineer,All Options,"Amsterdam, Netherlands",https://stackoverflow.com/jobs/550399
"Backend Tech Lead, Customer Service Platform",ByteDance,Singapore,https://stackoverflow.com/jobs/546681
Software Engineer for AdblockPlus Chromium,eyeo GmbH,No office location,https://stackoverflow.com/jobs/509364
Backend Developer (PHP/Symfony) (Work Remotely Anywhere In Europe!),InterNations,"Munich, Germany",https://stackoverflow.com/jobs/548561
VP Engineering at mobility start-up (m/f/x) - OnSite/Remote,FINN,No office location,https://stackoverflow.com/jobs/445056
DevOps Engineer,Esri,"Melbourne, Australia",https://stackoverflow.com/jobs/551635
Back-End Software Engineer,HENNGE K.K.,"Tokyo, Japan",https://stackoverflow.com/jobs/380985
(Senior) Backend Engineer at mobility start-up (m/f/x) - Munich or Remote,FINN,"München, Germany",https://stackoverflow.com/jobs/331741
Front End Software Engineer – HPC Products,DUG Technology,"West Perth, Australia",https://stackoverflow.com/jobs/528137
Software Engineer,Codethink,"Manchester, UK",https://stackoverflow.com/jobs/556322
"Software Engineer, Speech & Audio",ByteDance,Singapore,https://stackoverflow.com/jobs/553106
Software Engineer II,"Comscore, Inc.","Portland, OR",https://stackoverflow.com/jobs/556548
Senior Systems Engineer,Quantcast,"London, UK",https://stackoverflow.com/jobs/513340
"Senior GoLang Engineer - Retention Domain, Core Order (f/m/d)",Delivery Hero SE,"Berlin, Germany",https://stackoverflow.com/jobs/540169
DevOps Cloud Engineer m/w/d,MARC O'POLO International GmbH,"Stephanskirchen, Deutschland",https://stackoverflow.com/jobs/519984
Global Platform Engineer - Coordinator,Adevinta,"Barcelona, Spain",https://stackoverflow.com/jobs/546442
Site Reliability Engineer (SRE) / DevOps,OneFootball GmbH,"Berlin, Germany",https://stackoverflow.com/jobs/541300
Site Reliability Engineer,GeoPhy,"Den Haag, Netherlands",https://stackoverflow.com/jobs/532887
Senior Software Engineer,ZAIKO K.K.,"Minato City, Japan",https://stackoverflow.com/jobs/524414
Lead Platform Engineer,Tessian,"London, UK",https://stackoverflow.com/jobs/547939
Software Engineer - Ubuntu Server,Canonical,No office location,https://stackoverflow.com/jobs/453719
Data Engineer at sustainable mobility start-up (m/f/x),FINN,"München, Germany",https://stackoverflow.com/jobs/556422
DevOps Engineer – Book & Stay,trivago N.V.,"Düsseldorf, Germany",https://stackoverflow.com/jobs/554228
Software Engineer - Infrastructure,Chorus One,No office location,https://stackoverflow.com/jobs/552285
Senior Software Engineer - Cloud Engineering,Canonical,No office location,https://stackoverflow.com/jobs/535495
Data Engineer,Clay Solutions B.V.,"Amsterdam, Netherlands",https://stackoverflow.com/jobs/537606
Senior / Principal Node.js Engineer,Mobiquity Europe,"Amsterdam, Netherlands",https://stackoverflow.com/jobs/540743
Back-End Software Engineer,HENNGE K.K.,"Tokyo, Japan",https://stackoverflow.com/jobs/380985
"DevOps Engineer, Cloud Data Warehouse",ByteDance,Singapore,https://stackoverflow.com/jobs/550284
Senior Software Engineer | Cryptocurrency trading | C++/Rust,BlockTech,"Amsterdam, Netherlands",https://stackoverflow.com/jobs/501179
"Testing Software Engineer, TikTok e-Commerce",ByteDance,Singapore,https://stackoverflow.com/jobs/533132
PostgreSQL DBA,CYBERTEC PostgreSQL International GmbH,No office location,https://stackoverflow.com/jobs/554533
Software-Test Engineer Autonomous Driving (f/m/x),BMW Group,"München, Deutschland",https://stackoverflow.com/jobs/551286
"Software Engineer (Product Infrastructure), TikTok e-Commerce",ByteDance,Singapore,https://stackoverflow.com/jobs/533135
Security Engineer,Epidemic Sound AB,"Stockholm, Sweden",https://stackoverflow.com/jobs/557197
"Senior GoLang Engineer - Retention Domain, Core Order (f/m/d)",Delivery Hero SE,"Berlin, Germany",https://stackoverflow.com/jobs/540169
Cloud Software Engineer (remote),Platform.sh,No office location,https://stackoverflow.com/jobs/493242
DevOps Cloud Engineer m/w/d,MARC O'POLO International GmbH,"Stephanskirchen, Deutschland",https://stackoverflow.com/jobs/519984
Senior Systems Engineer,Quantcast,"London, UK",https://stackoverflow.com/jobs/513340
Senior Software Engineer - Launchpad,Canonical,No office location,https://stackoverflow.com/jobs/530389
Remote Experienced Full Stack / Polyglot Engineer,"Theorem, LLC",No office location,https://stackoverflow.com/jobs/555507
Site Reliability Engineer (SRE) / DevOps,OneFootball GmbH,"Berlin, Germany",https://stackoverflow.com/jobs/541300
Senior Software Engineer - Linux Engineering,Canonical,No office location,https://stackoverflow.com/jobs/540018
Software Engineer - Ubuntu Server,Canonical,No office location,https://stackoverflow.com/jobs/453719
Software Development Engineer in Test,Intel Corporation,"Bengaluru, India",https://stackoverflow.com/jobs/539336
Senior Software Development Engineer in Test (SDET),Creative Assembly,"Horsham, UK",https://stackoverflow.com/jobs/513451
Deep Learning Software Engineer (media software),Intel Corporation,"Bengaluru, India",https://stackoverflow.com/jobs/539260
Software Engineer - Infrastructure,Chorus One,No office location,https://stackoverflow.com/jobs/552285
Senior Software Engineer,ZAIKO K.K.,"Minato City, Japan",https://stackoverflow.com/jobs/524414
Senior Software Engineer - Cloud Engineering,Canonical,No office location,https://stackoverflow.com/jobs/535495
C++ Software development engineer,ASML,"Shenzhen, China",https://stackoverflow.com/jobs/465912
Site Reliability Engineer (Applied Machine Learning),ByteDance,Singapore,https://stackoverflow.com/jobs/553811
Software Engineer - Docker Images & Community,Canonical,No office location,https://stackoverflow.com/jobs/534266
Linux Engineer Systems Administrator,European Synchrotron Radiation Facility (ESRF),"Grenoble, France",https://stackoverflow.com/jobs/554701
Software Engineer Cloud DevOps - IaC,Samotics,"Leiden, Netherlands",https://stackoverflow.com/jobs/519033
C++ Expert,Codethink,"Manchester, UK",https://stackoverflow.com/jobs/556326
Devops Engineer - Infrastructure Engineering,ByteDance,Singapore,https://stackoverflow.com/jobs/553812
Field Software Engineer - EMEA,Canonical,No office location,https://stackoverflow.com/jobs/501791
Cloud Support Engineer (EMEA - Remote),Platform.sh,No office location,https://stackoverflow.com/jobs/557004
Senior Software Engineer - Data Platform,GoodNotes,Hong Kong,https://stackoverflow.com/jobs/545556
Senior Site Reliability Engineer,Labforward GmbH,"Berlin, Germany",https://stackoverflow.com/jobs/525818
"Software Engineer (Product Infrastructure), TikTok e-Commerce",ByteDance,Singapore,https://stackoverflow.com/jobs/533135
Full Stack Software Engineer: Ruby on Rails (m/f/d),creditshelf,"Frankfurt am Main, Deutschland",https://stackoverflow.com/jobs/220001
Senior Ruby on Rails developer,Marketer Technologies AS,"Oslo, Norway",https://stackoverflow.com/jobs/518196
Cloud Developer for high performance computing product,Bright Computing,"Amsterdam, Netherlands",https://stackoverflow.com/jobs/540202
Engineering Manager - Image Services,Delivery Hero SE,"Berlin, Germany",https://stackoverflow.com/jobs/551593
Software Engineer - Cloud Images,Canonical,No office location,https://stackoverflow.com/jobs/454599
Tech Lead Engineering at mobility start-up (m/f/x) - Munich/New York/Remote,FINN,No office location,https://stackoverflow.com/jobs/541678
"Full Stack Engineer - (Ionic, Angular)",Modus Create,No office location,https://stackoverflow.com/jobs/554420
"Site Reliability Engineer, Video Infrastructure",ByteDance,Singapore,https://stackoverflow.com/jobs/547753
Senior Software Engineer - Market Data Distribution,Bloomberg LP,"Frankfurt, Germany",https://stackoverflow.com/jobs/551413
Lead Infrastructure Engineer,Huxley Banking & Financial ServicesviaHuxley (US),"New York, NY",https://stackoverflow.com/jobs/525771
"Software Engineer, Data and ML Platform",eBay Classifieds Group,"Amsterdam, Netherlands",https://stackoverflow.com/jobs/549090
Software Development Engineer in Test,Intel Corporation,"Bengaluru, India",https://stackoverflow.com/jobs/539336
DevOps / Site Reliability Engineer (APAC timezone / remote),Platform.sh,No office location,https://stackoverflow.com/jobs/557003
(Senior) Data Engineer - Ad Tech (f/m/d),Delivery Hero SE,"Berlin, Germany",https://stackoverflow.com/jobs/556998
"Software Engineer, Data and ML Platform",eBay Classifieds Group,"Amsterdam, Netherlands",https://stackoverflow.com/jobs/549090
Software Development Engineer in Test,Intel Corporation,"Bengaluru, India",https://stackoverflow.com/jobs/539336
DevOps / Site Reliability Engineer (APAC timezone / remote),Platform.sh,No office location,https://stackoverflow.com/jobs/557003
McCloud HPC Expert,DUG Technology,"West Perth, Australia",https://stackoverflow.com/jobs/396027
(Senior) Machine Learning Engineer-Fintech (f/m/d),Delivery Hero SE,"Berlin, Germany",https://stackoverflow.com/jobs/540754
Data Engineer (m/f/d) R&D,Covestro Deutschland AG,"Leverkusen, Deutschland",https://stackoverflow.com/jobs/528956
"Machine Learning Engineer AI, Advanced Analytics & Data",H & M Hennes & Mauritz GBC AB,"Stockholm, Sweden",https://stackoverflow.com/jobs/527524
Public Cloud Field Engineer,Canonical,No office location,https://stackoverflow.com/jobs/551198
Senior IoT Systems Engineer,Canonical,No office location,https://stackoverflow.com/jobs/512740
Data Scientist,Skillhouse Staffing Solutions,"Tokyo, Japan",https://stackoverflow.com/jobs/556017
"Tech Lead Engineering Manager, Business Integrity",ByteDance,Singapore,https://stackoverflow.com/jobs/553100
"Senior Software Engineers - AI, Analytics & Data",H & M Hennes & Mauritz GBC AB,"Stockholm, Sweden",https://stackoverflow.com/jobs/524983
"VP, Software Engineering",Canonical,No office location,https://stackoverflow.com/jobs/553806
Senior bioinformatician,Sanger Institute,"Hinxton, UK",https://stackoverflow.com/jobs/554568
Lead Data & Integration Engineer (HProduce) (f/m/d),HeidelbergCement AG,"Heidelberg, Deutschland",https://stackoverflow.com/jobs/537895
"Dedicated Linux Engineer, AMER",Canonical,No office location,https://stackoverflow.com/jobs/461308
"Cloud Operations Engineer, EMEA",Canonical,No office location,https://stackoverflow.com/jobs/522546
IT Security Engineer for Linux based embedded Platforms (f/m/x),BMW Group,"Ulm, Deutschland",https://stackoverflow.com/jobs/498107
Security Engineer,SmartNews,"Shibuya City, Japan",https://stackoverflow.com/jobs/399408
Director of Product and Technology,Motive Interactive,No office location,https://stackoverflow.com/jobs/555978
Mobile Build and Release Engineer,SYBO,"København, Denmark",https://stackoverflow.com/jobs/524811
Security Engineer - US Region (Remote),Platform.sh,No office location,https://stackoverflow.com/jobs/545183
"Cloud Operations Engineer, APAC",Canonical,No office location,https://stackoverflow.com/jobs/526213
Software Engineering Manager,Intel Corporation,"Bengaluru, India",https://stackoverflow.com/jobs/539256
Data Engineer,Samotics,"Leiden, Netherlands",https://stackoverflow.com/jobs/518209
Security Engineer,SmartNews,"Shibuya City, Japan",https://stackoverflow.com/jobs/399408
Technical Account Manager - Americas (Remote),Platform.sh,No office location,https://stackoverflow.com/jobs/545185
"Data Engineer, Ad Growth and Monetization",eBay Classifieds Group,"Amsterdam, Netherlands",https://stackoverflow.com/jobs/549084
Embedded Linux Engineer,Canonical,No office location,https://stackoverflow.com/jobs/551201
"Cloud Operations Engineer, Americas",Canonical,No office location,https://stackoverflow.com/jobs/522545
Business Intelligence Engineer,trivago N.V.,"Düsseldorf, Germany",https://stackoverflow.com/jobs/538326
Security Engineer - US Region (Remote),Platform.sh,No office location,https://stackoverflow.com/jobs/545183
Lead Data & Integration Engineer (HConnect) (f/m/d),HeidelbergCement AG,"Heidelberg, Deutschland",https://stackoverflow.com/jobs/537894
"Staff Data Engineer, Ad Growth and Monetization",eBay Classifieds Group,"Amsterdam, Netherlands",https://stackoverflow.com/jobs/549085
Embedded Linux Engineer,Canonical,No office location,https://stackoverflow.com/jobs/541320
Senior Software Engineer,Intel Corporation,"Bengaluru, India",https://stackoverflow.com/jobs/539300
Analytics Engineer,Epidemic Sound AB,"Stockholm, Sweden",https://stackoverflow.com/jobs/536049
"Senior Software Engineer, Experimentation Platform",Automattic,No office location,https://stackoverflow.com/jobs/533130
Systems Engineer - Cloud - Americas,Canonical,No office location,https://stackoverflow.com/jobs/530282
DevOps Lead (Data&Privacy),Adevinta,"Barcelona, Spain",https://stackoverflow.com/jobs/538580
Platform Technical Lead,Sanger Institute,"Hinxton, UK",https://stackoverflow.com/jobs/554567
"Onsite Linux and Private Cloud Engineer, Tokyo (Remote)",Canonical,No office location,https://stackoverflow.com/jobs/534042
"Data Engineer, Personalization and Recommendations",eBay Classifieds Group,"Amsterdam, Netherlands",https://stackoverflow.com/jobs/549081
Linux Kernel Engineer,Canonical,No office location,https://stackoverflow.com/jobs/544576
Cloud Support Engineer (America - Remote),Platform.sh,No office location,https://stackoverflow.com/jobs/550747
"ICT Specialist [Expert on Business Intelligence, Data Analytics, and Machine]",UNOPS - The United Nations Office for Project Services,"New York, NY",https://stackoverflow.com/jobs/546338
Associate Field Software Engineer - EMEA,Canonical,No office location,https://stackoverflow.com/jobs/471550
Edge AI Deep Learning Validation Engineer,Intel Corporation,"Bengaluru, India",https://stackoverflow.com/jobs/539297
Software Engineering Director - Fast Track,Canonical,No office location,https://stackoverflow.com/jobs/518809
"SAN Administrator, Data Platform Group",Rakuten,"Tokyo, Japan",https://stackoverflow.com/jobs/526337
Systems Engineer - Cloud - APAC,Canonical,No office location,https://stackoverflow.com/jobs/512382
Kubernetes Engineering Manager,Canonical,No office location,https://stackoverflow.com/jobs/551186
Software Engineering Director - Fast Track,Canonical,No office location,https://stackoverflow.com/jobs/518809
Senior Data Engineer (in Hong Kong),Mox Bank,Hong Kong,https://stackoverflow.com/jobs/529221
"Staff Data Engineer, Personalization and Recommendations",eBay Classifieds Group,"Amsterdam, Netherlands",https://stackoverflow.com/jobs/549083
IoT Field Engineering Manager,Canonical,No office location,https://stackoverflow.com/jobs/535361
Data Engineer (m/f/d),Personio,"München, Germany",https://stackoverflow.com/jobs/544775
Site Reliability Engineering Manager,Canonical,No office location,https://stackoverflow.com/jobs/533163
DevOps Engineer (Hong Kong),Mox Bank,Hong Kong,https://stackoverflow.com/jobs/529223
DevOps Engineer - IT Security (m/f/d),ABOUT YOU SE & Co. KG,"Hamburg, Deutschland",https://stackoverflow.com/jobs/526390
Software DevOps Engineer,Intel Corporation,"Bengaluru, India",https://stackoverflow.com/jobs/539296
Full Stack Lead/Architect (Sr. Deep Learning R and D Engineer),Intel Corporation,"Bengaluru, India",https://stackoverflow.com/jobs/539294
Software Engineering Manager - Fast Track,Canonical,No office location,https://stackoverflow.com/jobs/518810
Associate IoT Systems Engineer,Canonical,No office location,https://stackoverflow.com/jobs/487604
Network Software Engineer,Intel Corporation,"Bengaluru, India",https://stackoverflow.com/jobs/539257
"Onsite Linux Engineer, NY Metro Area (AMERICAS)",Canonical,No office location,https://stackoverflow.com/jobs/534711
Engineering Manager – Streaming Technology [Hong Kong or Singapore],Network Guard,Singapore,https://stackoverflow.com/jobs/387212
Embedded Systems Engineers - Vehicle Integration (m/f/d),MOIA GmbH,"Berlin, Deutschland",https://stackoverflow.com/jobs/545472
Graphics SRIOV Virtualization Developer,Intel Corporation,"Bengaluru, India",https://stackoverflow.com/jobs/539293
Site Reliability Engineering Lead (Hong Kong),Mox Bank,Hong Kong,https://stackoverflow.com/jobs/529224
Senior Software Engineer (Go),HENNGE K.K.,"Tokyo, Japan",https://stackoverflow.com/jobs/555512
Senior Backend Developer (f/m/d),HOMELIKE INTERNET GmbH,"Köln, Deutschland",https://stackoverflow.com/jobs/522556
Machine Learning Engineer (m/f/d) - Industrial Data Science and Software,Smart Steel Technologies GmbH,"Berlin, Germany",https://stackoverflow.com/jobs/273378
Senior Software Engineer - Agent Tools,Assurance,No office location,https://stackoverflow.com/jobs/504974
Lead Data Scientist,Tessian,"London, UK",https://stackoverflow.com/jobs/547937
Engineering Technical Recruiter,QuantCo,"Berlin, Deutschland",https://stackoverflow.com/jobs/553016
Engineering Technical Recruiter,QuantCo,"Berlin, Deutschland",https://stackoverflow.com/jobs/553017
NLP Developer,"Yaraku, Inc.","Shibuya City, Japan",https://stackoverflow.com/jobs/286235
Tech Lead Manager,Duolingo Inc,"New York, NY",https://stackoverflow.com/jobs/555748
Senior Data Scientist,Tessian,"London, UK",https://stackoverflow.com/jobs/547935
Senior Data Engineer,Tessian,"London, UK",https://stackoverflow.com/jobs/547943
"Tech Lead Engineering Manager, Trust and Safety Engineering",ByteDance,Singapore,https://stackoverflow.com/jobs/546397
Scientific Applications Developer,DownUnder GeoSolutions Pty Ltd,"West Perth, Australia",https://stackoverflow.com/jobs/352726
Full Stack Engineer (Application Engineer),Rakuten,"Setagaya City, Japan",https://stackoverflow.com/jobs/527726
Researcher,IOVLABS,No office location,https://stackoverflow.com/jobs/448524
Machine Learning Technical Lead - E-commerce Risk Management,ByteDance,Singapore,https://stackoverflow.com/jobs/525174
Network Devops Engineer: CPD,Rakuten,"Tokyo, Japan",https://stackoverflow.com/jobs/524411
