title,company,location,link
Remote Experienced Frontend Engineer - React,"Theorem, LLC",No office location,https://stackoverflow.com/jobs/562427
Product Engineer in remote-first browser games company - 100% Typescript,Crazy Games,No office location,https://stackoverflow.com/jobs/353692
Front-End Software Engineer,HENNGE K.K.,"Tokyo, Japan",https://stackoverflow.com/jobs/381280
Senior WordPress Developer,Curotec,No office location,https://stackoverflow.com/jobs/550906
"Full Stack Software Engineer, Business Integrity",ByteDance,Singapore,https://stackoverflow.com/jobs/553099
"Frontend Software Engineer, Business Integrity",ByteDance,Singapore,https://stackoverflow.com/jobs/553035
"Software Developers for our offices in Berlin, Hamburg, Göttingen or Abingdon",Evotec SE,"Hamburg, Germany",https://stackoverflow.com/jobs/524299
"Frontend Software Engineer, Customer Service Platform",ByteDance,Singapore,https://stackoverflow.com/jobs/541573
Vue.js Developer (Remote),X-Team,No office location,https://stackoverflow.com/jobs/534462
Jr. Software Engineer,FieldRoutes,No office location,https://stackoverflow.com/jobs/560734
"Software Engineer, Web Platform [Mercari]",Mercari,"Tokyo, Japan",https://stackoverflow.com/jobs/562439
Senior Software Engineer/SRE - Trading Analytics,Bloomberg LP,"London, UK",https://stackoverflow.com/jobs/551412
Experienced Full-stack Web Engineer,Scoville,"Shibuya City, Japan",https://stackoverflow.com/jobs/529039
Front End Software Engineer – HPC Products,DUG Technology,"West Perth, Australia",https://stackoverflow.com/jobs/528137
Back-End Engineer (m/w/d) Ruby,Labforward GmbH,"Berlin, Germany",https://stackoverflow.com/jobs/556127
Front-end Engineer,Skillhouse Staffing Solutions,"Tokyo, Japan",https://stackoverflow.com/jobs/537445
Backend Engineer -Working in Japan,LINE Fukuoka,"Fukuoka, Japan",https://stackoverflow.com/jobs/273843
"Senior Software Developer/Team Leader in Berlin, Hamburg, Göttingen or Abingdon",Evotec SE,"Berlin, Germany",https://stackoverflow.com/jobs/550234
Senior Front-End JavaScript Engineer,Canva,"Sydney, Australia",https://stackoverflow.com/jobs/150823
Site Reliability Engineer (SRE/DevOps) – Live Services,Creative Assembly,"Horsham, UK",https://stackoverflow.com/jobs/562570
Senior Frontend Developer,Quin.md,"Amsterdam, Netherlands",https://stackoverflow.com/jobs/538297
Front-End Engineer,Mixam,"Watford, UK",https://stackoverflow.com/jobs/523992
Senior / Principal Frontend Engineer,Mobiquity Europe,"Amsterdam, Netherlands",https://stackoverflow.com/jobs/540743
System Architect (m/f/d) for Cloud Solutions,SupplyOn AG,"Dresden, Deutschland",https://stackoverflow.com/jobs/549094
Java Web Developer / Consultant - Work in an open-source company!,Vaadin,"Turku, Finland",https://stackoverflow.com/jobs/562583
UX Engineer,Pinnacle 21,No office location,https://stackoverflow.com/jobs/561044
"Senior Web Engineer | TypeScript, React.js, Next.js | High Traffic E-commerce",Dé VakantieDiscounter,"Amsterdam, Netherlands",https://stackoverflow.com/jobs/557189
Java Web Developer / Consultant - Work in an open-source company!,Vaadin,"Turku, Finland",https://stackoverflow.com/jobs/562583
Senior Site Reliability Engineer,Labforward GmbH,"Berlin, Germany",https://stackoverflow.com/jobs/525818
Open source stack software engineering lead,Canonical,No office location,https://stackoverflow.com/jobs/564537
iOS / Swift Developer (Remote),X-Team,No office location,https://stackoverflow.com/jobs/534448
Full Stack Engineer (m/f/d),Relayr,"Berlin, Germany",https://stackoverflow.com/jobs/544458
(Senior) Frontend Developer (f/m/d),"AppLike Group - justDice, adjoe and Sunday","Hamburg, Deutschland",https://stackoverflow.com/jobs/526490
Full Stack Engineer (Application Engineer),Rakuten,"Setagaya City, Japan",https://stackoverflow.com/jobs/527726
Senior WordPress Engineer (Remote),XWP,No office location,https://stackoverflow.com/jobs/507941
Front-end Developer (f/m/d) Remote - WordPress Enterprise Projects,Inpsyde GmbH,No office location,https://stackoverflow.com/jobs/229477
"Senior Big Data Consultant (Financials focus), AWS Professional Services",Amazon Web Services,No office location,https://stackoverflow.com/jobs/559190
Lead WordPress Engineer,XWP,No office location,https://stackoverflow.com/jobs/513454
Modern Infrastructure and Security Architect - Remote,MUFG,No office location,https://stackoverflow.com/jobs/559431
TypeScript、React Native、Nest、Nuxtなど/フロントエンドエンジニア/しっかりエンジニアリン...,アシアル 株式会社,東京都,https://jp.indeed.com/viewjob?jk=ed63768c6b13742b
ホテル　カフェ&バー,NEST 西表島,竹富町 西表島,https://jp.indeed.com/viewjob?jk=f549ec5633c509f7
認可保育園の園長,Nest川崎大師保育園,川崎市 大師駅前,https://jp.indeed.com/viewjob?jk=9c8f0d3d20198caf
小規模保育室の保育士,Nest松ケ丘保育園,流山市 松ケ丘,https://jp.indeed.com/viewjob?jk=cc96bc95ab462086
認可保育園の園長,Nest名都借保育園,流山市 名都借,https://jp.indeed.com/viewjob?jk=bdb50b2a5e33aff2
小規模保育室の主任保育士,Nest松ケ丘保育室,流山市 松ケ丘,https://jp.indeed.com/viewjob?jk=65ddb19f8716dc57
【12/27新着あり】保育士・賞与あり,重症児デイNEST,東海市 聚楽園駅,https://jp.indeed.com/viewjob?jk=f647a4dc64181345
認可保育園の主任保育士,Nestおおたかの森保育園,流山市 おおたかの森北,https://jp.indeed.com/viewjob?jk=4a6ff9103672e07a
フロントSTAFF/ 日勤・夜勤ともに採用強化中 @烏丸駅スグ 髪色/ピアス/ネイル自由!/アルバイト・パート,NEST HOTEL 京都四条烏丸,京都市 烏丸駅,https://jp.indeed.com/viewjob?jk=e3d7960abb390cf7
認可保育園の保育士,Nestおおたかの森保育園,流山市 おおたかの森北,https://jp.indeed.com/viewjob?jk=569d2725470397b9
認可保育園の保育士,Nest本八幡保育園,市川市 南八幡,https://jp.indeed.com/viewjob?jk=a44d8e38689e0a95
【12/27新着あり】保育士・賞与あり,Nest鹿島田保育園,川崎市 幸区,https://jp.indeed.com/viewjob?jk=e0e1e8786e6444e2
認可保育園の園長,Nest南流山保育園,流山市 南流山,https://jp.indeed.com/viewjob?jk=e59915162e6d53e0
【12/27新着あり】保育士・賞与あり,Nest名都借保育園,流山市,https://jp.indeed.com/viewjob?jk=2ddb3fe9f5a9cc0a
【12/27新着あり】保育士・賞与あり,Nest南流山保育園,流山市,https://jp.indeed.com/viewjob?jk=4dd26e244d85fbcf
看護師/企業・学校・保育園/常勤(日勤のみ)/Nest川崎大師保育園,株式会社キッズホーム欒Nest川崎大師保育園,川崎市 鈴木町駅,https://jp.indeed.com/viewjob?jk=3a9b4c01835092c0
【保育士】※資格必須/正社員(正職員)/その他施設形態(保育)/未経験者歓迎/ブランク歓迎/年間休日120日以上,株式会社NEST 放課後デイサービス運動療育バード,富田林市 川西駅,https://jp.indeed.com/viewjob?jk=01ad39e57381cee9
認可保育園の主任保育士,Nest本八幡保育園,市川市 南八幡,https://jp.indeed.com/viewjob?jk=fe58df61b1c95b10
アシスタント,個室型美容室 NEST by chord,福生市,https://jp.indeed.com/viewjob?jk=38241af9a8e2c835
認可保育園の主任保育士,Nest名都借保育園,流山市,https://jp.indeed.com/viewjob?jk=31d06a78c27e6453
【新着】23.3万円~/保育士/正社員,株式会社キッズホーム欒,流山市 流山おおたかの森駅,https://jp.indeed.com/viewjob?jk=c97ddab249a22bce
【12/27新着あり】保育士 正社員 保育園(認可) 流山市 ※有資格者,Nest南流山保育園,流山市 南流山,https://jp.indeed.com/viewjob?jk=f831bbc28591d40e
認可保育園の保育士,Nest名都借保育園,流山市 名都借その他の勤務地(1),https://jp.indeed.com/viewjob?jk=41679701fb0bf434
(仮)Nest名都借保育園の保育士正社員の求人,Nest名都借保育園,市川市 妙典,https://jp.indeed.com/viewjob?jk=641f1ef491d2930a
【保育士】※資格必須/正社員(正職員)/認可保育園(認証保育園)/オープニングスタッフ/寮・社宅・住宅補助あり/未経験者...,(仮)Nest名都借保育園,流山市,https://jp.indeed.com/viewjob?jk=172ca3a3db67dd84
認可保育園の副主任保育士,Nest南流山保育園,流山市 南流山駅,https://jp.indeed.com/viewjob?jk=7ba151bdbf7f5e69
インターネットサービス/CTO・CIO/【　CTO　】*前職を考慮して、~1200万円+SO可,コレクターズアイテムのECサービス運営企業,東京都,https://jp.indeed.com/viewjob?jk=dd47d7bb7c745719
【12/27新着あり】保育士 正社員 保育園(認可) 流山市 ※有資格者,Nest名都借保育園,流山市 名都借,https://jp.indeed.com/viewjob?jk=b8936d94a4460df6
【12/27新着あり】保育士 正社員 小規模放課後等デイサービス、児童デイサービス 東海市 ※有資格者,重症児デイNEST,東海市 聚楽園駅,https://jp.indeed.com/viewjob?jk=2bf987b4fc3446e8
【正社員/契約社員】アシスタントデザイナー/雑貨・レディースアパレル/nest Robe(ネストローブ)/01/405,株式会社エス・グルーヴ,港区,https://jp.indeed.com/viewjob?jk=0a68c47a53d322cd
准看護師/企業・学校・保育園/常勤(日勤のみ)/Nest川崎大師保育園,株式会社キッズホーム欒Nest川崎大師保育園,川崎市 鈴木町駅,https://jp.indeed.com/viewjob?jk=c31fe02a80a06230
その他バックオフィス,AlpacaJapan株式会社,神戸市 東灘区その他の勤務地(1),https://jp.indeed.com/viewjob?jk=9d9ff31f516b205b
インターネットサービス/フロントエンドエンジニア/フロントエンドエンジニア,動画型プラットフォームサービスベンチャー企業,東京都,https://jp.indeed.com/viewjob?jk=a901318e3ee09f7d
【私立認可保育園】 保育士/オンライン面談実施中!,Nest南流山保育園,流山市 南流山駅,https://jp.indeed.com/viewjob?jk=a9c89d12de223be6
nest Robe CONFECT/ネストローブ コンフェクトの販売スタッフ,株式会社ネキスト,大阪市 大深町,https://jp.indeed.com/viewjob?jk=dc523e9c164c1e6d
美容師アシスタント NEWTON GROUP ブランクOK 長期休暇あり アシスタント,株式会社NEWTON,福生市 福生駅,https://jp.indeed.com/viewjob?jk=69d835a362ecfd95
可保育園|年間休日130日|有給消化80以上|借り上げ制度,Nest本八幡保育園,市川市 南八幡,https://jp.indeed.com/viewjob?jk=12ba192bfacd58d1
【私立認可保育園】 保育士/オンライン面談実施中!,Nest川崎大師保育園,川崎市 大師駅前,https://jp.indeed.com/viewjob?jk=20ba24f3f0ec0ba4
可保育園|高時給|時間固定|土日祝休み,Nest本八幡保育園,市川市 南八幡,https://jp.indeed.com/viewjob?jk=a01703a66d526ae9
"東海市 介護施設の保育士(パート)/時給:1,100円~",特定非営利活動法人 TSUBAME 重症児デイNEST,東海市 聚楽園駅,https://jp.indeed.com/viewjob?jk=edf26dabe9a7df6d
【保育士】※資格必須/パート・アルバイト(非常勤)/認可保育園(認証保育園)/オープニングスタッフ/未経験者歓迎/ブラン...,(仮)Nest名都借保育園,流山市,https://jp.indeed.com/viewjob?jk=d5a48593c63fdffb
富田林市 介護施設の保育士(正社員)/月給:19.5万円~,株式会社NEST 放課後デイサービス運動療育バード,富田林市 川西駅,https://jp.indeed.com/viewjob?jk=cb0abc6ec4fbbbfa
【正社員/契約社員】アシスタントデザイナー,株式会社ネキスト,港区 青山一丁目駅,https://jp.indeed.com/viewjob?jk=868d78908feef49b
可保育園|派遣|駅チカ保育園 |2020年4月開園の定員60名,Nest川崎大師保育園,川崎市 大師駅前,https://jp.indeed.com/viewjob?jk=ff2bc1708f9a6793
【新規事業部】チャットツール開発エンジニア/システムインテグレータ・ソフトハウス,シフトプラス 株式会社,大阪市 江戸堀,https://jp.indeed.com/viewjob?jk=e8d2ac1bd34da299
経理,AlpacaJapan株式会社,千代田区,https://jp.indeed.com/viewjob?jk=72c39b10051ff5d9
【新規事業部】システムエンジニア/システムインテグレータ・ソフトハウス,シフトプラス 株式会社,大阪市 江戸堀,https://jp.indeed.com/viewjob?jk=eb1ea32f986addc9
nest Robe/ネストローブの販売スタッフ,株式会社ネキスト,神戸市 栄町通その他の勤務地(4),https://jp.indeed.com/viewjob?jk=c19679c86ef20959
可保育園|借り上げ制度あり|年間休日130日以上|休むときはしっかり休む 働きやすい環境が魅力です,Nest南流山保育園,流山市 南流山,https://jp.indeed.com/viewjob?jk=3f99057f9610c27d
保育業務全般,Nest南流山保育園,流山市 南流山,https://jp.indeed.com/viewjob?jk=27f93adb60cfde25
(仮)Nest名都借保育園の保育士正社員の求人,Nest名都借保育園,市川市 妙典,https://jp.indeed.com/viewjob?jk=641f1ef491d2930a
【保育士】※資格必須/正社員(正職員)/認可保育園(認証保育園)/オープニングスタッフ/寮・社宅・住宅補助あり/未経験者...,(仮)Nest名都借保育園,流山市,https://jp.indeed.com/viewjob?jk=172ca3a3db67dd84
レディースオリジナルブランド nestRobeのアシスタントデザイナー,株式会社ネキスト,港区 南青山,https://jp.indeed.com/viewjob?jk=7317ef4046dbe1bf
経営企画,AlpacaJapan株式会社,千代田区,https://jp.indeed.com/viewjob?jk=57d14c64aed4e46c
飲食店のホールスタッフ,株式会社對馬,港区 元麻布,https://jp.indeed.com/viewjob?jk=2fcf1d0f5d2d4ee9
広告メディア営業,株式会社アドキットインフォケーション,名古屋市 丸の内その他の勤務地(2),https://jp.indeed.com/viewjob?jk=311a51325eb4cd56
全工程を自社で行うアパレルブランド 販売・SNS運用/宣伝,株式会社ネキスト,京都市その他の勤務地(3),https://jp.indeed.com/viewjob?jk=79341905f4304fb8
インターネットサービス/CTO・CIO/【　CTO　】*前職を考慮して、~1200万円+SO可,コレクターズアイテムのECサービス運営企業,東京都,https://jp.indeed.com/viewjob?jk=dd47d7bb7c745719
【12/27新着あり】保育士 正社員 保育園(認可) 流山市 ※有資格者,Nest名都借保育園,流山市 名都借,https://jp.indeed.com/viewjob?jk=b8936d94a4460df6
ブライダルプランナー,創寫舘(そうしゃかん) NEST　by　THE　SEA　ネストバイザシー,知多市 日長駅,https://jp.indeed.com/viewjob?jk=a4c6841d5eba8f63
【12/27新着あり】保育士 正社員 小規模放課後等デイサービス、児童デイサービス 東海市 ※有資格者,重症児デイNEST,東海市 聚楽園駅,https://jp.indeed.com/viewjob?jk=2bf987b4fc3446e8
customer front service crew,"Nest At Amami Co., Ltd",龍郷町,https://jp.indeed.com/viewjob?jk=870ada536b09918e
ソフトウェアエンジニア(正社員・契約社員),株式会社BTree,大阪市•リモート勤務,https://jp.indeed.com/viewjob?jk=3ab3c8dc27931aad
アシスタント(理容師),株式会社スモールワンダー,調布市 仙川町,https://jp.indeed.com/viewjob?jk=e5b90ac87bd4806f
3日に1回の出勤レジャーホテルスタッフ,HOTEL NEST,福岡市 雑餉隈駅,https://jp.indeed.com/viewjob?jk=9cfcf600d410a01a
【正社員/契約社員】アシスタントデザイナー/雑貨・レディースアパレル/nest Robe(ネストローブ)/01/405,株式会社エス・グルーヴ,港区,https://jp.indeed.com/viewjob?jk=0a68c47a53d322cd
准看護師/企業・学校・保育園/常勤(日勤のみ)/Nest川崎大師保育園,株式会社キッズホーム欒Nest川崎大師保育園,川崎市 鈴木町駅,https://jp.indeed.com/viewjob?jk=c31fe02a80a06230
ブライダルヘアメイク・着付け,創寫舘(そうしゃかん) DRESSING　NEST/新舞子スタジオ,知多市 日長駅,https://jp.indeed.com/viewjob?jk=bfe8fbc3b18c1186
インターネットサービス/フロントエンドエンジニア/フロントエンドエンジニア,動画型プラットフォームサービスベンチャー企業,東京都,https://jp.indeed.com/viewjob?jk=a901318e3ee09f7d
セレクトショップのファッションアドバイザー,nest Robe 広島,広島市 八丁堀駅,https://jp.indeed.com/viewjob?jk=a30cc86e4ee6de2f
セレクトショップの販売,nest Robe 岡山,岡山市 岡山駅前駅,https://jp.indeed.com/viewjob?jk=fe47073de7a940ee
【私立認可保育園】 保育士/オンライン面談実施中!,Nest南流山保育園,流山市 南流山駅,https://jp.indeed.com/viewjob?jk=a9c89d12de223be6
保育士,株式会社キッズホーム欒,流山市 名都借,https://jp.indeed.com/viewjob?jk=6eb1fcb04689c9f3
セレクトショップのファッションアドバイザー,nest Robe 岡山,岡山市 岡山駅,https://jp.indeed.com/viewjob?jk=9940f004da247ea4
清掃員,プランタンホテルズ,福岡市 西月隈,https://jp.indeed.com/viewjob?jk=948bcad76944f1f6
美容師アシスタント NEWTON GROUP ブランクOK 長期休暇あり アシスタント,株式会社NEWTON,福生市 福生駅,https://jp.indeed.com/viewjob?jk=69d835a362ecfd95
可保育園|年間休日130日|有給消化80以上|借り上げ制度,Nest本八幡保育園,市川市 南八幡,https://jp.indeed.com/viewjob?jk=12ba192bfacd58d1
美容師アシスタント 新卒·第二新卒歓迎 NEWTON GROUPで早期成長 アシスタント,株式会社NEWTON,福生市 福生駅,https://jp.indeed.com/viewjob?jk=b1e13e1e4eb4dadc
安定のお仕事 倉庫でのピッキング作業,株式会社NEST,江東区 東陽町駅その他の勤務地(3),https://jp.indeed.com/viewjob?jk=9502d54583089fd5
10月下旬新規オープン/日用品のピッキング・検品・梱包,株式会社NEST,江東区 東陽町駅その他の勤務地(1),https://jp.indeed.com/viewjob?jk=6afe6ef76e12c5c2
可保育園|高時給|時間固定|土日祝休み,Nest本八幡保育園,市川市 南八幡,https://jp.indeed.com/viewjob?jk=a01703a66d526ae9
アプリエンジニア(新規事業担当),株式会社ファンコミュニケーションズ,渋谷区 渋谷,https://jp.indeed.com/viewjob?jk=e6ba3392cbebbe9e
川崎市の保育スタッフ 1990,Nest川崎大師保育園,川崎市 大師駅前,https://jp.indeed.com/viewjob?jk=b8721fbe46517224
愛知県東海市 看護師・准看護師,真欒商事株式会社,東海市,https://jp.indeed.com/viewjob?jk=c5a78a0e954ac4f3
愛知県東海市の理学療法士(PT)/介護施設/常勤/月収240000円~,特定非営利活動法人TSUBAME 重症児デイNEST,東海市,https://jp.indeed.com/viewjob?jk=e5da43d38c89db00
栄養士,株式会社キッズホーム欒,川崎市 下平間,https://jp.indeed.com/viewjob?jk=ce27f7b9823b93af
スタイリスト(契約社員),株式会社R-nest Sorcier,武蔵野市 吉祥寺本町,https://jp.indeed.com/viewjob?jk=5701e986babf0dc8
Webフロントエンドエンジニア/インターネット/Webサービス・ASP,オイシックス・ラ・大地 株式会社,東京都,https://jp.indeed.com/viewjob?jk=20694b006d9a983c
③理学療法士/PT(要資格),重症児デイNEST,東海市 太田川駅,https://jp.indeed.com/viewjob?jk=c2cf03b63c9488d3
セレクトショップの販売スタッフ,ROSE BUD広島パルコ店,広島市 胡町駅,https://jp.indeed.com/viewjob?jk=fd75a1785ca31e57
富田林市 介護施設の保育士(正社員)/月給:19.5万円~,株式会社NEST 放課後デイサービス運動療育バード,富田林市 川西駅,https://jp.indeed.com/viewjob?jk=cb0abc6ec4fbbbfa
【正社員/契約社員】アシスタントデザイナー,株式会社ネキスト,港区 青山一丁目駅,https://jp.indeed.com/viewjob?jk=868d78908feef49b
可保育園|派遣|駅チカ保育園 |2020年4月開園の定員60名,Nest川崎大師保育園,川崎市 大師駅前,https://jp.indeed.com/viewjob?jk=ff2bc1708f9a6793
スタイリスト,株式会社スモールワンダー,調布市 仙川町,https://jp.indeed.com/viewjob?jk=ec6e48f779d3dd38
セレクトショップの販売スタッフ,nest Robe 福岡,福岡市 西鉄福岡（天神）駅,https://jp.indeed.com/viewjob?jk=e5009eb8ef8f205e
【有資格者】認可保育園の保育士,Nest川崎大師保育園,川崎市 大師駅前,https://jp.indeed.com/viewjob?jk=1dc6565c3ce1d83c
未経験可の美容師,NEST by chord,福生市 福生駅,https://jp.indeed.com/viewjob?jk=e01790d1c2220168
流山市の保育のお仕事 1992,Nest南流山保育園,流山市 南流山駅,https://jp.indeed.com/viewjob?jk=4fa19413ce4b67e1
流山市の保育士・保育補助 1992,Nest南流山保育園,流山市 南流山駅,https://jp.indeed.com/viewjob?jk=ee89906d8275e820
結婚披露宴会場の配膳・サービススタッフ,創寫舘(そうしゃかん) NEST　by　THE　SEA　ネストバイザシー,知多市 日長駅,https://jp.indeed.com/viewjob?jk=85cfddbda793f30e
保育士,こどもをキラキラさせたい株式会社,川崎市 中原区その他の勤務地(1),https://jp.indeed.com/viewjob?jk=422a8205d6fe1620
2tドライバー,株式会社　ネストロジスティクス,松江市 東松江駅,https://jp.indeed.com/viewjob?jk=39ab1c87440eaca2
コネクテッドカー関連システム開発(AWS、Node.js),株式会社光夢,千代田区,https://jp.indeed.com/viewjob?jk=7d93c47cc2a0712f
おおたかの森保育園の保育補助 / 障がい者雇用求人,株式会社キッズホーム欒,流山市 おおたかの森北,https://jp.indeed.com/viewjob?jk=697480db571a45a1
セレクトショップの販売スタッフ,nest Robe 広島,広島市 八丁堀駅,https://jp.indeed.com/viewjob?jk=e6591bdb4364b93c
認可保育園の調理師,Nest本八幡保育園,市川市 南八幡,https://jp.indeed.com/viewjob?jk=b1b3411025e060d5
SE,ヒューマネクト株式会社,港区 神谷町駅,https://jp.indeed.com/viewjob?jk=3e13f4f97053d1dc
プログラマおよびシステムエンジニア,株式会社光夢,千代田区,https://jp.indeed.com/viewjob?jk=3d480814ffb34bc5
建設・不動産個人営業,株式会社斉藤工務店,春日市,https://jp.indeed.com/viewjob?jk=614ddb389c3580be
機械設計・CAD製図業務,株式会社　ネスト (整理区分　ネ-15),伊勢原市 伊勢原,https://jp.indeed.com/viewjob?jk=0b4efdeb1e8d4f2e
②看護師・准看護師(要資格),重症児デイNEST,東海市 太田川駅,https://jp.indeed.com/viewjob?jk=1d09c3f9fe135ac6
Nest本八幡保育園での保育士のお仕事,アスカグループ,市川市 南八幡,https://jp.indeed.com/viewjob?jk=a4a75aad65aaee5e
アプリエンジニア(オープンポジション),株式会社ファンコミュニケーションズ,渋谷区 渋谷,https://jp.indeed.com/viewjob?jk=56dc56052b8b3228
おおたかの森のパート保育士 / 2022年3月までのお仕事,株式会社キッズホーム欒,流山市 おおたかの森北,https://jp.indeed.com/viewjob?jk=09f5b6b2b5e63bb5
⑥児童指導員,重症児デイNEST,東海市 太田川駅,https://jp.indeed.com/viewjob?jk=7947a5960256f22e
セレクトショップの販売スタッフ,nest Robe 岡山,岡山市 岡山駅,https://jp.indeed.com/viewjob?jk=28e6a5792a0a5f5e
サーバーサイドエンジニア(マーケティングプラットフォーム開発),Supershipグループ,港区 虎ノ門,https://jp.indeed.com/viewjob?jk=19070fde4403e752
JavaScript/TypeScript Webアプリケーション開発エンジニア(正社員・契約社員),株式会社BTree,大阪市•リモート勤務,https://jp.indeed.com/viewjob?jk=444f9caf1e82c5d2
JavaScript/給与業務支援Webアプリ開発(TypeScript),株式会社グッドワークス,千代田区 秋葉原駅,https://jp.indeed.com/viewjob?jk=df555e45a51196d6
美容師スタイリスト(契約社員) 選べる働き方で人生を変える! 子育てママ活躍中,株式会社R-nest Sorcier,杉並区,https://jp.indeed.com/viewjob?jk=31045e601b4fda07
カラオケ店運営スタッフ　新座駅前店,株式会社コシダカ,新座市 野火止,https://jp.indeed.com/viewjob?jk=7fbd15088f71cbf8
レディースOEM/ODM営業,クリーデンス,渋谷区 渋谷駅,https://jp.indeed.com/viewjob?jk=8d9a5d1271e33eea
NEST販売員,有限会社　丸美屋,日吉津村,https://jp.indeed.com/viewjob?jk=c222529511594544
ドライバー助手,株式会社　ネストロジスティクス,小美玉市 羽鳥駅その他の勤務地(1),https://jp.indeed.com/viewjob?jk=04ed6fe04f148173
SE・プログラマー,有限会社　ネスト,仙台市 本町,https://jp.indeed.com/viewjob?jk=10eb05d3a635fff7
カフェスタッフ,株式会社　ネストハウス,岩国市 由宇駅,https://jp.indeed.com/viewjob?jk=911a60f9c6079989
家具配送アシスタント 安城市,株式会社　ネストロジスティクス,安城市 横山町,https://jp.indeed.com/viewjob?jk=9e97f84eecc33e0e
⑤言語聴覚士/ST(要資格),重症児デイNEST,東海市 太田川駅,https://jp.indeed.com/viewjob?jk=42df81923938f472
カラオケ店で運営スタッフ　新座駅前店,株式会社コシダカ,新座市 野火止,https://jp.indeed.com/viewjob?jk=8df33a9514b1a891
Outbound Marketing Manager,Amazon Japan G.K.,目黒区,https://jp.indeed.com/viewjob?jk=f40e01d997b43d5e
新卒採用 総合職,株式会社ネストロジスティクス,広島市 馬木,https://jp.indeed.com/viewjob?jk=610681d361be5ac8
子供服販売スタッフ,有限会社　丸美屋　,加西市 北条町北条,https://jp.indeed.com/viewjob?jk=f426ede79c89a34e
2022 新卒採用 物流・倉庫,株式会社ネストロジスティクス,福岡市 博多区,https://jp.indeed.com/viewjob?jk=da6c00c37a94e2ac
運送ドライバー,株式会社ネストロジスティクス　広島南営業所,広島市 広島駅,https://jp.indeed.com/viewjob?jk=cb0d51f7c53e7d77
大型ドライバー,株式会社　ネストロジスティクス,札幌市 発寒駅,https://jp.indeed.com/viewjob?jk=327dbe21a8bdbb09
家具の配送助手,株式会社ネストロジスティクス　広島南営業所,広島市 広島駅,https://jp.indeed.com/viewjob?jk=7ff1e7efc867704e
AWSエンジニア,ビットバンク株式会社,品川区 西五反田,https://jp.indeed.com/viewjob?jk=bc71e1eaed039925
給与業務支援Webアプリ開発(JavaScript/React),運営元 株式会社FREE BRAIN,千代田区 秋葉原駅,https://jp.indeed.com/viewjob?jk=5df98a56af3f7a70
セールスドライバー,株式会社　ネストロジスティクス,安城市 横山町その他の勤務地(1),https://jp.indeed.com/viewjob?jk=fe894baf4fce0e02
CRMコンサルタント(リーダー候補)/クライアント企業の経営戦略上の課題を解決,アーカス・ジャパン株式会社,大阪市 西淀川区その他の勤務地(1),https://jp.indeed.com/viewjob?jk=bd5142c20e297dbb
④作業療法士/OT(要資格),重症児デイNEST,東海市 太田川駅,https://jp.indeed.com/viewjob?jk=863ef73e680e7b77
家具配送アシスタント 浜松市,株式会社　ネストロジスティクス,浜松市 湖東町,https://jp.indeed.com/viewjob?jk=3246247a2d151ba6
正看護師・准看護師/常勤/夜勤有/介護施設,特定非営利活動法人TSUBAME 重症児デイNEST,東海市 荒尾町,https://jp.indeed.com/viewjob?jk=1a31f66c79500e34
カラオケの店舗運営　新座駅前店,株式会社コシダカ,新座市 野火止,https://jp.indeed.com/viewjob?jk=0b276319660c2370
カラオケ店のエリアマネージャー候補　新座駅前店,株式会社コシダカ,新座市 野火止,https://jp.indeed.com/viewjob?jk=0b7e03a56076fe62
カラオケ店の店舗運営　新座駅前店,株式会社コシダカ,新座市 野火止,https://jp.indeed.com/viewjob?jk=372c4754eea7023f
正看護師< >,M’sクリニックもんなか,江東区 富岡,https://jp.indeed.com/viewjob?jk=deda57c00a08e525
マネージャー 3623,Next Career東京都エリア,新宿区 西新宿,https://jp.indeed.com/viewjob?jk=503b344f8e9e8132
アイリスト,Charme by Nest,町田市 森野,https://jp.indeed.com/viewjob?jk=eab5353d8d195b76
松ヶ丘保育室の保育補助 / 障がい者雇用求人,株式会社キッズホーム欒,流山市 松ケ丘,https://jp.indeed.com/viewjob?jk=d5a9b77a6dbfacd5
松ヶ丘保育室の保育補助 / 障がい者雇用求人,株式会社キッズホーム欒,流山市 松ケ丘,https://jp.indeed.com/viewjob?jk=d5a9b77a6dbfacd5
営業事務職,株式会社　ネストロジスティクス,広島市 馬木,https://jp.indeed.com/viewjob?jk=297460b1256fcb79
保育士,株式会社　LARK　NEST,守谷市 守谷駅,https://jp.indeed.com/viewjob?jk=a87dd50939a724bf
ネイリスト,Hair Make Nest REGALO,町田市 森野,https://jp.indeed.com/viewjob?jk=937d1d6951d282f0
ネイリスト,Charme by Nest,町田市 森野,https://jp.indeed.com/viewjob?jk=dd047f61d3637b49
経理事務 東区,株式会社　ネストロジスティクス,広島市 馬木,https://jp.indeed.com/viewjob?jk=5b9de1932172a8c8
配送助手,株式会社　ネストロジスティクス,八代市 段駅,https://jp.indeed.com/viewjob?jk=b9508e6e62e68fac
正看護師・准看護師/常勤/介護施設,特定非営利活動法人TSUBAME 重症児デイ NEST,東海市 荒尾町,https://jp.indeed.com/viewjob?jk=0360dae8b68a4f87
保育士,株式会社アスカクリエート Nest南流山保育園,流山市 南流山,https://jp.indeed.com/viewjob?jk=86b3126c223c0614
POSシステム開発案件(AWS/Python/TypeScript),運営元 株式会社FREE BRAIN,港区,https://jp.indeed.com/viewjob?jk=57c27902464e9e42
保育士,株式会社アスカクリエート東京支店,市川市 南八幡その他の勤務地(1),https://jp.indeed.com/viewjob?jk=8aca2529679eac3a
【保育士】資格必須/定員45名の認可保育園です 年間休日130日以上!休むときはしっかり休む方針で働きやすさ抜群です!...,Nest南流山保育園,流山市,https://jp.indeed.com/viewjob?jk=afcaf1494dc76f17
保育士,株式会社アスカクリエート Nest本八幡保育園,市川市 南八幡,https://jp.indeed.com/viewjob?jk=ab3d64ae9ebaf7bd
Nest川崎大師保育園での保育士のお仕事/SH-8133,株式会社テンダーラビングケアサービス人材事業ユニット,川崎市 大師駅前,https://jp.indeed.com/viewjob?jk=4e4b1daf6a68a351
正看護師・准看護師/非常勤/介護施設,特定非営利活動法人TSUBAME 重症児デイ NEST,東海市 荒尾町,https://jp.indeed.com/viewjob?jk=c9762a39e51c96a6
カラオケ店の店長候補　新座駅前店,株式会社コシダカ,新座市 野火止,https://jp.indeed.com/viewjob?jk=a5741960af24fb2b
保育士,株式会社アスカクリエート Nest川崎大師保育園,川崎市 大師駅前,https://jp.indeed.com/viewjob?jk=ec1ad65a2abd8077
認可保育園の栄養士,Nest鹿島田保育園,川崎市 鹿島田駅,https://jp.indeed.com/viewjob?jk=2714a64466dc7860
保育士,株式会社アスカクリエート横浜支店,川崎市 大師駅前,https://jp.indeed.com/viewjob?jk=66ea16060b786c4c
Nest南流山保育園での保育士のお仕事/SH-7589,株式会社テンダーラビングケアサービス人材事業ユニット,流山市 南流山,https://jp.indeed.com/viewjob?jk=8c1bb9cbf9649e6e
新卒採用 美容師・アシスタント,Hair Make Nest REGALO,町田市 森野,https://jp.indeed.com/viewjob?jk=f7e98e617f58148e
認可保育園の保育士パート,Nest川崎大師保育園,川崎市 大師駅前,https://jp.indeed.com/viewjob?jk=e3fc9526d0fbee45
保育士 資格必須,株式会社テンダーラビングケアサービス,流山市 南流山その他の勤務地(2),https://jp.indeed.com/viewjob?jk=22f614738fb72042
サーバーサイドエンジニア(11340),foster‗net,目黒区,https://jp.indeed.com/viewjob?jk=19bb61dc8eb1dab4
フロントエンドエンジニア/しっかりエンジニアリングに携わっていただきます/バックエンド、サーバーサイド、クラウドなど全方...,アシアル 株式会社,東京都,https://jp.indeed.com/viewjob?jk=62e3a52efbfea003
